canonical_ko,substitute_ko,n_neighbors_inherited,n_with_real_nij_fwd,mean_nij_fwd,max_nij_fwd
K00074,K01825,11,11,1419.6363636363637,2446.0
K00237,K00242,43,38,4349.581395348837,11193.0
K00239,K00234,88,77,2630.0795454545455,8732.0
K00240,K00235,88,76,2607.3295454545455,8662.0
K00246,K00242,43,38,4349.581395348837,11193.0
K00261,K00262,13,11,2056.6923076923076,8812.0
K00318,K13821,4,4,3839.75,11310.0
K00361,K00362,14,14,1574.642857142857,5881.0
K00370,K00372,18,17,1417.1666666666667,4192.0
K01677,K01676,71,65,3007.042253521127,10124.0
K01678,K01676,71,65,3007.042253521127,10124.0
K01692,K07511,38,37,2406.2368421052633,5638.0
K01719,K13543,23,22,3327.8260869565215,6299.0
K02303,K02302,35,35,3558.5142857142855,9622.0
K02567,K00372,14,14,1771.2857142857142,4192.0
K02615,K07823,11,11,4325.181818181818,6396.0
K03148,K21029,13,13,5259.307692307692,8759.0
K04517,K24018,12,9,1515.4166666666667,4700.0
K05308,K01684,15,9,1542.2666666666667,5663.0
K07250,K14268,21,20,745.7619047619048,1804.0
K07508,K00626,19,19,3493.9473684210525,12294.0
K08691,K18292,41,41,813.5853658536586,2415.0
K13524,K14268,8,7,387.625,1804.0
K13542,K02302,44,44,4182.545454545455,9634.0
K13941,K00796,19,18,7270.315789473684,18966.0
K15016,K01825,35,29,702.6,3953.0
K15019,K07511,19,14,662.0526315789474,5638.0
K17217,K01758,6,6,4859.666666666667,11751.0
K17877,K00362,14,14,1574.642857142857,5881.0
K18317,K18583,3,3,9.333333333333334,21.0
K22478,K00930,16,15,7000.5,17259.0
K23735,K03801,5,5,3418.4,14563.0
K26139,K00362,14,14,1574.642857142857,5881.0
