module_id	present	fraction
M00001	19999	0.9349259034173251
M00002	20693	0.9673694544434576
M00003	18112	0.8467112336964144
M00004	14545	0.6799588612033098
M00005	21323	0.9968210929830302
M00006	13451	0.6288158571361787
M00007	20202	0.9444158758356318
M00008	10928	0.5108690570800805
M00009	10568	0.4940395493431817
M00010	5790	0.270674582768454
M00011	11721	0.5479407227338601
M00012	7690	0.35949698471319713
M00013	0	0.0
M00014	0	0.0
M00015	14417	0.6739750362301903
M00016	16613	0.7766350334252723
M00017	13007	0.6080594642606704
M00018	19482	0.9107568603618345
M00019	18664	0.8725164788929923
M00020	11432	0.5344303679117386
M00021	13477	0.6300313215838437
M00022	16834	0.786966481230424
M00023	10480	0.489925669674162
M00024	4700	0.21971857323173297
M00025	4547	0.21256603244355102
M00026	11199	0.523537936515357
M00027	623	0.029124398111355244
M00028	15761	0.7368051984479455
M00029	3637	0.17002477677527933
M00030	0	0.0
M00031	256	0.011967649946239072
M00032	0	0.0
M00033	2762	0.12911972324809498
M00034	3643	0.1703052685708943
M00035	9087	0.42480482445888457
M00036	3446	0.1610957879482025
M00037	0	0.0
M00038	572	0.02674021784862793
M00039	0	0.0
M00040	1426	0.06666355009115983
M00042	0	0.0
M00043	0	0.0
M00044	4478	0.20934037679397877
M00045	11009	0.5146556963208826
M00046	2862	0.13379458650834464
M00047	0	0.0
M00048	20628	0.9643307933242953
M00049	20468	0.9568510121078958
M00050	20766	0.9707821046234397
M00051	1205	0.056332102286008136
M00052	17144	0.8014585573371978
M00053	11047	0.5164321443597775
M00055	0	0.0
M00056	0	0.0
M00057	0	0.0
M00058	0	0.0
M00059	0	0.0
M00060	10412	0.4867467626571923
M00061	5001	0.2337899116450844
M00063	11680	0.5460240287971577
M00064	7017	0.3280351549717171
M00065	0	0.0
M00066	0	0.0
M00067	0	0.0
M00068	0	0.0
M00069	0	0.0
M00070	0	0.0
M00071	0	0.0
M00072	0	0.0
M00073	0	0.0
M00074	0	0.0
M00075	0	0.0
M00076	0	0.0
M00077	1	4.6748632602496374e-05
M00078	0	0.0
M00079	0	0.0
M00081	0	0.0
M00082	11076	0.5177878547052499
M00083	17084	0.798653639381048
M00085	0	0.0
M00086	13516	0.631854518255341
M00087	5147	0.24061521200504885
M00088	566	0.02645972605301295
M00089	0	0.0
M00090	0	0.0
M00091	3959	0.18507783647328316
M00092	0	0.0
M00093	12777	0.5973072787620962
M00094	0	0.0
M00095	815	0.038100135571034546
M00096	16624	0.7771492683838997
M00097	167	0.007807021644616895
M00098	1268	0.05927726613996541
M00099	0	0.0
M00100	0	0.0
M00101	0	0.0
M00102	0	0.0
M00103	0	0.0
M00104	0	0.0
M00106	0	0.0
M00107	0	0.0
M00108	0	0.0
M00109	0	0.0
M00110	0	0.0
M00112	88	0.004113879669019681
M00113	0	0.0
M00114	0	0.0
M00115	13700	0.6404562666542004
M00116	4918	0.22990977513907718
M00117	5276	0.24664578561077088
M00118	8133	0.380206628956103
M00119	10920	0.5104950680192605
M00120	18940	0.8854191014912813
M00121	15921	0.7442849796643448
M00122	11090	0.5184423355616848
M00123	6070	0.283764199897153
M00124	4080	0.19073442101818522
M00125	10255	0.47940722733860036
M00126	16226	0.7585433126081063
M00127	1368	0.06395212940021504
M00128	0	0.0
M00129	0	0.0
M00130	0	0.0
M00131	0	0.0
M00132	0	0.0
M00133	6484	0.3031181337945865
M00134	1470	0.06872048992566968
M00135	199	0.00930297788789678
M00136	619	0.028937403580945258
M00137	0	0.0
M00138	0	0.0
M00140	2509	0.1172923191996634
M00141	0	0.0
M00142	0	0.0
M00143	0	0.0
M00144	2621	0.122528166051143
M00145	111	0.0051890982188770975
M00146	0	0.0
M00147	0	0.0
M00148	0	0.0
M00149	8175	0.3821700715254079
M00150	2160	0.10097704642139217
M00151	11561	0.5404609415174606
M00152	0	0.0
M00153	4620	0.21597868262353326
M00154	0	0.0
M00155	7147	0.3341124772100416
M00156	5671	0.26511149548875695
M00157	8348	0.3902575849656398
M00158	0	0.0
M00159	131	0.0061240708709270255
M00160	0	0.0
M00161	137	0.006404562666542004
M00162	4	0.0001869945304099855
M00163	142	0.006638305829554486
M00165	4289	0.20050488523210697
M00166	3827	0.17890701696975364
M00167	11520	0.5385442475807583
M00168	4518	0.21121032209807863
M00169	2941	0.13748772848394183
M00170	0	0.0
M00171	0	0.0
M00172	1196	0.055911364592585666
M00173	253	0.011827404048431583
M00174	66	0.003085409751764761
M00175	1270	0.0593707634051704
M00176	3721	0.17395166191388903
M00307	12064	0.5639755037165163
M00308	8148	0.38090785844514047
M00309	0	0.0
M00338	1857	0.08681221074283577
M00344	0	0.0
M00345	1262	0.058996774344350425
M00346	418	0.019540928427843485
M00356	0	0.0
M00357	0	0.0
M00358	400	0.01869945304099855
M00363	1	4.6748632602496374e-05
M00364	4516	0.21111682483287364
M00365	1878	0.0877939320274882
M00366	0	0.0
M00367	0	0.0
M00368	0	0.0
M00369	0	0.0
M00370	0	0.0
M00371	0	0.0
M00372	0	0.0
M00373	679	0.03174232153709504
M00374	0	0.0
M00375	0	0.0
M00376	1	4.6748632602496374e-05
M00377	32	0.001495956243279884
M00378	70	0.0032724042821747463
M00415	0	0.0
M00416	781	0.03651068206254967
M00417	5854	0.2736664952550138
M00418	4	0.0001869945304099855
M00419	8	0.000373989060819971
M00422	0	0.0
M00432	15564	0.7275957178252536
M00433	0	0.0
M00525	2596	0.1213594502360806
M00526	19395	0.9066897293254172
M00527	17386	0.812771726427002
M00528	95	0.004441120097237156
M00529	1436	0.06713103641718479
M00530	5291	0.24734701509980833
M00531	2754	0.12874573418727503
M00532	0	0.0
M00533	1965	0.09186106306390539
M00534	8	0.000373989060819971
M00535	878	0.04104529942499182
M00537	2	9.349726520499275e-05
M00538	6	0.00028049179561497826
M00539	16	0.000747978121639942
M00540	197	0.009209480622691786
M00541	23	0.0010752185498574167
M00542	10	0.0004674863260249638
M00543	6	0.00028049179561497826
M00544	2	9.349726520499275e-05
M00545	1185	0.05539712963395821
M00546	2657	0.12421111682483288
M00547	1	4.6748632602496374e-05
M00548	459	0.021457622364545837
M00549	9624	0.44990884016642513
M00550	1869	0.08737319433406573
M00551	1265	0.05913702024215792
M00552	4364	0.2040110326772942
M00554	6521	0.3048478332008789
M00555	4727	0.22098078631200038
M00563	0	0.0
M00564	0	0.0
M00565	5725	0.2676359216492918
M00567	0	0.0
M00568	2672	0.12491234631387033
M00569	1080	0.050488523210696086
M00570	18556	0.8674676265719228
M00572	7291	0.3408442803048011
M00573	114	0.005329344116684587
M00574	5	0.0002337431630124819
M00575	143	0.006685054462156982
M00576	0	0.0
M00577	6185	0.2891402926464401
M00579	14611	0.6830442709550746
M00580	1107	0.05175073629096349
M00595	1113	0.052031228086578465
M00596	187	0.008741994296666823
M00597	454	0.021223879201533354
M00598	1	4.6748632602496374e-05
M00608	0	0.0
M00609	806	0.03767939787761208
M00620	3	0.00014024589780748913
M00621	14494	0.6775746809405825
M00622	897	0.04193352344443925
M00623	215	0.010050956009536722
M00624	9	0.0004207376934224674
M00625	19	0.0008882240194474311
M00627	3916	0.1830676452713758
M00630	0	0.0
M00631	3388	0.1583843672572577
M00632	10160	0.4749661072413632
M00633	0	0.0
M00636	8	0.000373989060819971
M00637	712	0.03328502641297742
M00638	226	0.010565190968164181
M00639	338	0.015801037819643777
M00641	379	0.01771773175634613
M00642	1545	0.0722266373708569
M00643	230	0.010752185498574167
M00649	429	0.020055163386470946
M00651	29	0.001355710345472395
M00652	268	0.012528633537469028
M00660	71	0.003319152914777243
M00661	0	0.0
M00664	325	0.015193305595811323
M00672	0	0.0
M00673	5	0.0002337431630124819
M00674	34	0.0015894535084848768
M00675	29	0.001355710345472395
M00696	415	0.019400682530035997
M00697	34	0.0015894535084848768
M00698	381	0.01781122902155112
M00700	888	0.04151278575101678
M00702	293	0.013697349352531439
M00704	107	0.005002103688467112
M00705	429	0.020055163386470946
M00714	17	0.0007947267542424384
M00718	43	0.0020101912019073443
M00725	206	0.009630218316114254
M00726	214	0.010004207376934224
M00730	89	0.004160628301622177
M00736	1	4.6748632602496374e-05
M00740	0	0.0
M00741	2339	0.10934505165723903
M00744	5	0.0002337431630124819
M00745	1252	0.058529288018325465
M00746	0	0.0
M00761	1799	0.08410079005189099
M00763	256	0.011967649946239072
M00769	9	0.0004207376934224674
M00773	0	0.0
M00774	2	9.349726520499275e-05
M00775	0	0.0
M00776	0	0.0
M00777	3069	0.1434715534570614
M00778	210	0.009817212846524238
M00779	23	0.0010752185498574167
M00780	2	9.349726520499275e-05
M00781	23	0.0010752185498574167
M00782	0	0.0
M00783	4	0.0001869945304099855
M00784	0	0.0
M00785	0	0.0
M00786	0	0.0
M00787	52	0.0024309288953298118
M00788	0	0.0
M00789	0	0.0
M00790	127	0.00593707634051704
M00793	10302	0.48160441307091767
M00794	5	0.0002337431630124819
M00795	0	0.0
M00796	0	0.0
M00797	8	0.000373989060819971
M00798	30	0.0014024589780748914
M00799	33	0.0015427048758823805
M00800	0	0.0
M00801	0	0.0
M00802	11	0.0005142349586274601
M00803	0	0.0
M00804	4	0.0001869945304099855
M00805	1	4.6748632602496374e-05
M00808	48	0.002243934364919826
M00810	4	0.0001869945304099855
M00811	3	0.00014024589780748913
M00814	6	0.00028049179561497826
M00815	3	0.00014024589780748913
M00819	7	0.0003272404282174746
M00823	2	9.349726520499275e-05
M00824	53	0.002477677527932308
M00825	0	0.0
M00826	2	9.349726520499275e-05
M00827	21	0.0009817212846524239
M00828	21	0.0009817212846524239
M00829	0	0.0
M00830	8	0.000373989060819971
M00831	0	0.0
M00832	21	0.0009817212846524239
M00833	5	0.0002337431630124819
M00834	5	0.0002337431630124819
M00835	30	0.0014024589780748914
M00836	0	0.0
M00837	67	0.003132158384367257
M00838	67	0.003132158384367257
M00840	0	0.0
M00841	0	0.0
M00842	0	0.0
M00843	0	0.0
M00844	16788	0.7848160441307092
M00845	361	0.016876256369501193
M00846	15230	0.7119816745360198
M00847	329	0.015380300126221307
M00848	0	0.0
M00849	1	4.6748632602496374e-05
M00850	3	0.00014024589780748913
M00851	396	0.018512458510588567
M00852	4	0.0001869945304099855
M00853	0	0.0
M00854	10122	0.4731896592024683
M00855	3474	0.1624047496610724
M00856	12	0.0005609835912299565
M00857	1	4.6748632602496374e-05
M00859	4	0.0001869945304099855
M00860	4	0.0001869945304099855
M00861	0	0.0
M00862	0	0.0
M00866	11099	0.5188630732551073
M00867	44	0.0020569398345098404
M00868	14335	0.6701416483567856
M00872	0	0.0
M00873	0	0.0
M00874	0	0.0
M00875	112	0.005235846851479594
M00876	274	0.012809125333084008
M00877	106	0.004955355055864616
M00878	1292	0.06039923332242532
M00879	3683	0.17217521387499415
M00880	9870	0.46140900378663924
M00881	13114	0.6130615679491375
M00882	0	0.0
M00883	1251	0.05848253938572297
M00884	0	0.0
M00889	39	0.0018231966714973586
M00890	0	0.0
M00891	0	0.0
M00892	0	0.0
M00893	0	0.0
M00894	0	0.0
M00895	1368	0.06395212940021504
M00896	168	0.007853770277219391
M00897	0	0.0
M00898	0	0.0
M00899	8395	0.3924547706979571
M00900	0	0.0
M00901	0	0.0
M00902	0	0.0
M00903	0	0.0
M00904	0	0.0
M00905	17	0.0007947267542424384
M00906	2	9.349726520499275e-05
M00909	18158	0.8488616707961292
M00910	0	0.0
M00911	0	0.0
M00912	3492	0.16324622504791736
M00913	11217	0.5243794119022018
M00914	0	0.0
M00915	6	0.00028049179561497826
M00916	6616	0.309288953298116
M00917	0	0.0
M00918	467	0.02183161142536581
M00919	1275	0.05960450656818288
M00921	10	0.0004674863260249638
M00922	9	0.0004207376934224674
M00923	1340	0.06264316768734514
M00924	5352	0.25019868168856063
M00925	4586	0.21438922911504837
M00926	13217	0.6178766771071946
M00927	0	0.0
M00928	0	0.0
M00929	0	0.0
M00930	1540	0.07199289420784442
M00931	1761	0.08232434201299613
M00932	74	0.003459398812584732
M00933	0	0.0
M00934	0	0.0
M00935	1	4.6748632602496374e-05
M00936	0	0.0
M00937	0	0.0
M00938	16208	0.7577018372212613
M00939	1112	0.05198447945397597
M00940	0	0.0
M00941	0	0.0
M00942	0	0.0
M00943	0	0.0
M00944	0	0.0
M00945	0	0.0
M00946	0	0.0
M00947	631	0.029498387172175213
M00948	2983	0.1394511710532467
M00949	256	0.011967649946239072
M00950	6181	0.2889532981160301
M00951	88	0.004113879669019681
M00952	0	0.0
M00953	0	0.0
M00956	243	0.01135991772240662
M00957	1123	0.05249871441260343
M00958	6184	0.2890935440138376
M00959	8389	0.39217427890234213
M00960	361	0.016876256369501193
M00961	0	0.0
M00962	0	0.0
M00963	0	0.0
M00964	0	0.0
M00965	0	0.0
M00966	8	0.000373989060819971
M00967	36	0.0016829507736898697
M00968	0	0.0
M00969	0	0.0
M00970	13003	0.6078724697302604
M00971	0	0.0
M00972	2302	0.10761535225094666
