comparison,RMSD,KOs
kingdom_bacillati_VS_domain_bacteria,0.10867878590683262,1997
kingdom_fusobacteriati_VS_domain_bacteria,0.2359576528671156,1997
kingdom_pseudomonadati_VS_domain_bacteria,0.08615223937940246,1997
kingdom_thermotogati_VS_domain_bacteria,0.1848184361217087,1997
phylum_acidobacteriota_VS_kingdom_pseudomonadati,0.2236535188452803,1997
phylum_actinomycetota_VS_kingdom_bacillati,0.14573980339514425,1997
phylum_bacillota_VS_kingdom_bacillati,0.09473576651597843,1997
phylum_campylobacterota_VS_kingdom_pseudomonadati,0.2406212663804902,1997
phylum_cyanobacteriota_melainabacteria_group_VS_kingdom_bacillati,0.2688394155533422,1997
phylum_deinococcota_VS_kingdom_thermotogati,0.11631435704963546,1997
phylum_fcb_group_VS_kingdom_pseudomonadati,0.1892555236836503,1997
phylum_fusobacteriota_VS_kingdom_fusobacteriati,0.0,1997
phylum_mycoplasmatota_VS_kingdom_bacillati,0.2649608064128691,1997
phylum_myxococcota_VS_kingdom_pseudomonadati,0.26696115033105583,1997
phylum_pseudomonadota_VS_kingdom_pseudomonadati,0.048516709638433964,1997
phylum_pvc_group_VS_kingdom_pseudomonadati,0.20352048948341592,1997
phylum_spirochaetota_VS_kingdom_pseudomonadati,0.2163301612690258,1997
phylum_thermodesulfobacteriota_VS_kingdom_pseudomonadati,0.23937903244993275,1997
phylum_thermotogota_VS_kingdom_thermotogati,0.21942937544081567,1997
