KOs,child,parent,diff_child_minus_parent
K00003,0.300000,0.802198,-0.502198
K00012,0.100000,0.472527,-0.372527
K00013,0.200000,0.791209,-0.591209
K00014,0.650000,0.890110,-0.240110
K00018,0.050000,0.065934,-0.015934
K00019,0.000000,0.197802,-0.197802
K00021,0.000000,0.000000,0.000000
K00022,0.100000,0.021978,0.078022
K00023,0.050000,0.010989,0.039011
K00024,0.000000,0.021978,-0.021978
K00025,0.000000,0.593407,-0.593407
K00026,0.000000,0.000000,0.000000
K00029,0.000000,0.560440,-0.560440
K00030,0.150000,0.659341,-0.509341
K00031,0.050000,0.065934,-0.015934
K00033,0.600000,0.571429,0.028571
K00036,0.350000,0.483516,-0.133516
K00040,0.100000,0.065934,0.034066
K00041,0.000000,0.054945,-0.054945
K00052,0.050000,0.637363,-0.587363
K00053,0.100000,0.747253,-0.647253
K00054,0.000000,0.000000,0.000000
K00055,0.000000,0.000000,0.000000
K00058,0.900000,0.967033,-0.067033
K00059,1.000000,1.000000,0.000000
K00067,0.300000,0.560440,-0.260440
K00074,0.000000,0.626374,-0.626374
K00077,0.000000,0.307692,-0.307692
K00082,0.000000,0.000000,0.000000
K00087,0.550000,0.307692,0.242308
K00088,0.850000,0.967033,-0.117033
K00097,0.000000,0.000000,0.000000
K00099,1.000000,1.000000,0.000000
K00106,0.000000,0.000000,0.000000
K00108,0.000000,0.318681,-0.318681
K00116,0.000000,0.000000,0.000000
K00125,0.000000,0.000000,0.000000
K00128,0.000000,0.098901,-0.098901
K00130,0.000000,0.120879,-0.120879
K00131,0.000000,0.000000,0.000000
K00133,1.000000,1.000000,0.000000
K00134,1.000000,1.000000,0.000000
K00135,0.000000,0.483516,-0.483516
K00137,0.000000,0.142857,-0.142857
K00139,0.000000,0.000000,0.000000
K00141,0.000000,0.000000,0.000000
K00145,0.150000,0.637363,-0.487363
K00147,0.650000,0.824176,-0.174176
K00149,0.000000,0.000000,0.000000
K00150,0.050000,0.054945,-0.004945
K00151,0.000000,0.604396,-0.604396
K00152,0.000000,0.000000,0.000000
K00161,0.150000,0.032967,0.117033
K00162,0.150000,0.032967,0.117033
K00163,0.000000,0.615385,-0.615385
K00164,0.000000,0.615385,-0.615385
K00166,0.000000,0.615385,-0.615385
K00167,0.000000,0.615385,-0.615385
K00169,0.800000,0.219780,0.580220
K00170,0.800000,0.208791,0.591209
K00171,0.850000,0.285714,0.564286
K00172,0.800000,0.208791,0.591209
K00174,1.000000,0.670330,0.329670
K00175,1.000000,0.670330,0.329670
K00176,1.000000,0.406593,0.593407
K00177,1.000000,0.384615,0.615385
K00189,0.000000,0.000000,0.000000
K00192,0.000000,0.000000,0.000000
K00193,0.000000,0.000000,0.000000
K00194,0.000000,0.000000,0.000000
K00195,0.000000,0.000000,0.000000
K00197,0.000000,0.000000,0.000000
K00198,0.000000,0.010989,-0.010989
K00200,0.150000,0.076923,0.073077
K00201,0.000000,0.043956,-0.043956
K00202,0.000000,0.043956,-0.043956
K00203,0.000000,0.043956,-0.043956
K00204,0.050000,0.021978,0.028022
K00205,0.000000,0.021978,-0.021978
K00207,0.000000,0.000000,0.000000
K00208,0.000000,0.615385,-0.615385
K00209,0.000000,0.000000,0.000000
K00211,0.000000,0.000000,0.000000
K00215,0.950000,0.384615,0.565385
K00220,0.000000,0.010989,-0.010989
K00226,0.000000,0.087912,-0.087912
K00228,0.000000,0.010989,-0.010989
K00230,0.350000,0.175824,0.174176
K00231,0.000000,0.582418,-0.582418
K00232,0.000000,0.000000,0.000000
K00234,0.000000,0.054945,-0.054945
K00235,0.000000,0.000000,0.000000
K00236,0.000000,0.000000,0.000000
K00237,0.000000,0.000000,0.000000
K00239,0.050000,0.615385,-0.565385
K00240,0.000000,0.637363,-0.637363
K00241,0.000000,0.516484,-0.516484
K00242,0.000000,0.527473,-0.527473
K00244,0.000000,0.000000,0.000000
K00245,0.000000,0.000000,0.000000
K00246,0.000000,0.000000,0.000000
K00247,0.000000,0.000000,0.000000
K00249,0.000000,0.219780,-0.219780
K00252,0.000000,0.615385,-0.615385
K00253,0.000000,0.000000,0.000000
K00254,0.000000,0.593407,-0.593407
K00255,0.000000,0.000000,0.000000
K00261,0.000000,0.043956,-0.043956
K00274,0.000000,0.362637,-0.362637
K00275,0.000000,0.516484,-0.516484
K00278,0.000000,0.340659,-0.340659
K00281,0.000000,0.384615,-0.384615
K00282,1.000000,0.615385,0.384615
K00283,1.000000,0.615385,0.384615
K00286,0.850000,0.967033,-0.117033
K00287,0.650000,0.472527,0.177473
K00294,0.150000,0.087912,0.062088
K00297,0.500000,0.769231,-0.269231
K00300,0.000000,0.043956,-0.043956
K00301,0.000000,0.230769,-0.230769
K00302,0.300000,0.131868,0.168132
K00303,0.700000,0.219780,0.480220
K00304,0.000000,0.000000,0.000000
K00305,0.000000,0.000000,0.000000
K00309,0.000000,0.021978,-0.021978
K00315,0.000000,0.010989,-0.010989
K00318,0.000000,0.615385,-0.615385
K00319,0.000000,0.000000,0.000000
K00320,0.000000,0.098901,-0.098901
K00330,0.000000,0.593407,-0.593407
K00331,0.850000,0.791209,0.058791
K00332,0.850000,0.791209,0.058791
K00333,0.850000,0.780220,0.069780
K00334,0.450000,0.703297,-0.253297
K00335,0.650000,0.769231,-0.119231
K00336,1.000000,0.989011,0.010989
K00337,0.800000,0.780220,0.019780
K00338,0.050000,0.659341,-0.609341
K00339,0.000000,0.582418,-0.582418
K00340,0.000000,0.604396,-0.604396
K00341,0.000000,0.604396,-0.604396
K00342,0.000000,0.604396,-0.604396
K00343,0.000000,0.615385,-0.615385
K00360,0.000000,0.010989,-0.010989
K00361,0.000000,0.000000,0.000000
K00362,0.000000,0.142857,-0.142857
K00363,0.000000,0.109890,-0.109890
K00365,0.000000,0.197802,-0.197802
K00366,0.000000,0.010989,-0.010989
K00367,0.000000,0.054945,-0.054945
K00368,0.000000,0.219780,-0.219780
K00370,0.000000,0.153846,-0.153846
K00371,0.000000,0.153846,-0.153846
K00372,0.000000,0.208791,-0.208791
K00374,0.000000,0.153846,-0.153846
K00376,0.000000,0.054945,-0.054945
K00380,0.000000,0.032967,-0.032967
K00381,0.000000,0.131868,-0.131868
K00382,0.900000,0.978022,-0.078022
K00390,0.050000,0.615385,-0.565385
K00392,0.000000,0.439560,-0.439560
K00394,0.000000,0.000000,0.000000
K00395,0.000000,0.000000,0.000000
K00399,0.000000,0.000000,0.000000
K00401,0.000000,0.000000,0.000000
K00402,0.000000,0.000000,0.000000
K00404,0.000000,0.010989,-0.010989
K00405,0.000000,0.010989,-0.010989
K00406,0.000000,0.505495,-0.505495
K00407,0.000000,0.000000,0.000000
K00410,0.000000,0.000000,0.000000
K00411,0.000000,0.000000,0.000000
K00412,0.000000,0.032967,-0.032967
K00413,0.000000,0.000000,0.000000
K00424,0.000000,0.000000,0.000000
K00425,0.000000,0.076923,-0.076923
K00426,0.000000,0.076923,-0.076923
K00431,0.000000,0.000000,0.000000
K00435,0.000000,0.472527,-0.472527
K00446,0.000000,0.604396,-0.604396
K00451,0.000000,0.000000,0.000000
K00452,0.000000,0.000000,0.000000
K00453,0.000000,0.439560,-0.439560
K00455,0.000000,0.043956,-0.043956
K00457,0.000000,0.000000,0.000000
K00462,0.000000,0.000000,0.000000
K00463,0.000000,0.032967,-0.032967
K00468,0.000000,0.000000,0.000000
K00479,0.000000,0.000000,0.000000
K00486,0.000000,0.000000,0.000000
K00499,0.000000,0.142857,-0.142857
K00514,0.000000,0.000000,0.000000
K00525,0.850000,0.967033,-0.117033
K00526,0.000000,0.538462,-0.538462
K00529,0.000000,0.032967,-0.032967
K00531,0.000000,0.000000,0.000000
K00548,0.650000,0.846154,-0.196154
K00549,0.050000,0.131868,-0.081868
K00550,0.000000,0.000000,0.000000
K00551,0.000000,0.000000,0.000000
K00552,0.000000,0.000000,0.000000
K00558,0.100000,0.263736,-0.163736
K00560,0.000000,0.340659,-0.340659
K00568,0.250000,0.318681,-0.068681
K00570,0.000000,0.340659,-0.340659
K00577,0.000000,0.000000,0.000000
K00578,0.000000,0.000000,0.000000
K00579,0.000000,0.000000,0.000000
K00580,0.000000,0.000000,0.000000
K00581,0.000000,0.000000,0.000000
K00582,0.000000,0.000000,0.000000
K00583,0.000000,0.000000,0.000000
K00584,0.000000,0.000000,0.000000
K00589,0.000000,0.000000,0.000000
K00595,0.050000,0.208791,-0.158791
K00600,1.000000,0.989011,0.010989
K00601,0.000000,0.000000,0.000000
K00602,0.950000,0.989011,-0.039011
K00603,0.800000,0.340659,0.459341
K00605,1.000000,1.000000,0.000000
K00606,0.850000,0.846154,0.003846
K00608,0.550000,0.120879,0.429121
K00609,0.200000,0.791209,-0.591209
K00610,0.000000,0.000000,0.000000
K00611,1.000000,0.989011,0.010989
K00615,1.000000,0.769231,0.230769
K00616,0.000000,0.120879,-0.120879
K00618,0.000000,0.000000,0.000000
K00619,0.050000,0.637363,-0.587363
K00620,0.150000,0.637363,-0.487363
K00625,0.000000,0.000000,0.000000
K00626,0.900000,0.956044,-0.056044
K00627,0.150000,0.725275,-0.575275
K00632,0.000000,0.626374,-0.626374
K00640,0.850000,0.461538,0.388462
K00641,0.000000,0.670330,-0.670330
K00643,0.000000,0.000000,0.000000
K00645,1.000000,1.000000,0.000000
K00647,0.000000,0.000000,0.000000
K00648,0.850000,0.967033,-0.117033
K00651,0.100000,0.032967,0.067033
K00652,0.000000,0.043956,-0.043956
K00657,0.200000,0.087912,0.112088
K00658,0.000000,0.648352,-0.648352
K00665,0.000000,0.000000,0.000000
K00667,0.000000,0.000000,0.000000
K00668,0.000000,0.000000,0.000000
K00672,0.000000,0.043956,-0.043956
K00673,0.000000,0.000000,0.000000
K00674,0.000000,0.000000,0.000000
K00677,0.000000,0.340659,-0.340659
K00688,0.350000,0.076923,0.273077
K00693,0.000000,0.000000,0.000000
K00700,0.650000,0.560440,0.089560
K00703,1.000000,0.912088,0.087912
K00705,0.000000,0.714286,-0.714286
K00748,0.000000,0.439560,-0.439560
K00750,0.000000,0.000000,0.000000
K00757,0.000000,0.000000,0.000000
K00762,0.750000,0.923077,-0.173077
K00764,0.750000,0.945055,-0.195055
K00765,0.200000,0.780220,-0.580220
K00766,0.050000,0.747253,-0.697253
K00767,0.550000,0.450549,0.099451
K00768,0.250000,0.681319,-0.431319
K00772,0.000000,0.000000,0.000000
K00788,0.050000,0.582418,-0.532418
K00789,1.000000,1.000000,0.000000
K00793,0.550000,0.824176,-0.274176
K00794,0.550000,0.824176,-0.274176
K00795,0.500000,0.186813,0.313187
K00796,0.750000,0.824176,-0.074176
K00797,1.000000,0.549451,0.450549
K00798,0.850000,0.956044,-0.106044
K00800,0.550000,0.868132,-0.318132
K00815,0.000000,0.000000,0.000000
K00817,0.200000,0.791209,-0.591209
K00818,0.000000,0.000000,0.000000
K00819,0.050000,0.120879,-0.070879
K00820,1.000000,1.000000,0.000000
K00821,0.950000,0.274725,0.675275
K00823,0.000000,0.527473,-0.527473
K00826,0.300000,0.659341,-0.359341
K00830,0.000000,0.703297,-0.703297
K00831,0.000000,0.054945,-0.054945
K00832,0.000000,0.032967,-0.032967
K00833,0.050000,0.032967,0.017033
K00836,0.000000,0.021978,-0.021978
K00838,0.000000,0.000000,0.000000
K00840,0.000000,0.000000,0.000000
K00841,0.000000,0.000000,0.000000
K00844,0.000000,0.000000,0.000000
K00845,0.000000,0.000000,0.000000
K00849,0.950000,0.769231,0.180769
K00850,1.000000,0.978022,0.021978
K00855,0.050000,0.142857,-0.092857
K00859,1.000000,0.934066,0.065934
K00860,0.150000,0.483516,-0.333516
K00867,0.000000,0.021978,-0.021978
K00869,0.000000,0.000000,0.000000
K00872,0.300000,0.791209,-0.491209
K00873,1.000000,1.000000,0.000000
K00874,0.450000,0.450549,-0.000549
K00878,0.050000,0.142857,-0.092857
K00883,0.000000,0.010989,-0.010989
K00886,0.000000,0.296703,-0.296703
K00891,0.200000,0.439560,-0.239560
K00899,0.050000,0.032967,0.017033
K00912,0.000000,0.164835,-0.164835
K00918,0.050000,0.010989,0.039011
K00919,1.000000,1.000000,0.000000
K00925,1.000000,0.736264,0.263736
K00927,1.000000,1.000000,0.000000
K00928,0.950000,0.703297,0.246703
K00930,0.150000,0.604396,-0.454396
K00931,0.650000,0.824176,-0.174176
K00938,0.000000,0.000000,0.000000
K00939,0.900000,0.978022,-0.078022
K00940,0.900000,0.813187,0.086813
K00941,0.050000,0.615385,-0.565385
K00942,1.000000,1.000000,0.000000
K00943,0.950000,0.989011,-0.039011
K00944,0.100000,0.021978,0.078022
K00946,0.000000,0.153846,-0.153846
K00948,1.000000,0.989011,0.010989
K00950,0.700000,0.747253,-0.047253
K00954,1.000000,1.000000,0.000000
K00955,0.000000,0.000000,0.000000
K00956,0.000000,0.000000,0.000000
K00957,0.000000,0.000000,0.000000
K00958,0.050000,0.593407,-0.543407
K00963,0.000000,0.010989,-0.010989
K00965,1.000000,0.747253,0.252747
K00969,1.000000,0.615385,0.384615
K00972,0.000000,0.010989,-0.010989
K00973,0.900000,0.890110,0.009890
K00975,1.000000,0.934066,0.065934
K00979,0.000000,0.164835,-0.164835
K00981,1.000000,1.000000,0.000000
K00983,0.000000,0.000000,0.000000
K00991,0.250000,0.659341,-0.409341
K00998,0.000000,0.000000,0.000000
K01006,1.000000,0.516484,0.483516
K01007,0.000000,0.725275,-0.725275
K01012,0.750000,0.351648,0.398352
K01041,0.000000,0.461538,-0.461538
K01046,0.750000,0.362637,0.387363
K01054,1.000000,0.582418,0.417582
K01055,0.650000,0.857143,-0.207143
K01057,0.450000,0.329670,0.120330
K01077,0.750000,0.593407,0.156593
K01079,0.000000,0.000000,0.000000
K01081,0.000000,0.000000,0.000000
K01086,0.000000,0.000000,0.000000
K01089,0.000000,0.010989,-0.010989
K01100,0.000000,0.000000,0.000000
K01113,0.000000,0.054945,-0.054945
K01196,0.050000,0.252747,-0.202747
K01200,1.000000,0.505495,0.494505
K01214,0.750000,0.494505,0.255495
K01236,0.000000,0.340659,-0.340659
K01243,0.650000,0.780220,-0.130220
K01244,0.000000,0.000000,0.000000
K01251,0.000000,0.000000,0.000000
K01431,0.000000,0.000000,0.000000
K01432,0.100000,0.384615,-0.284615
K01438,0.050000,0.461538,-0.411538
K01439,0.600000,0.626374,-0.026374
K01458,0.000000,0.285714,-0.285714
K01464,0.600000,0.560440,0.039560
K01465,0.750000,0.945055,-0.195055
K01466,0.000000,0.406593,-0.406593
K01468,0.750000,0.791209,-0.041209
K01476,0.000000,0.615385,-0.615385
K01477,0.000000,0.000000,0.000000
K01479,0.000000,0.076923,-0.076923
K01480,0.050000,0.241758,-0.191758
K01484,0.000000,0.000000,0.000000
K01487,0.000000,0.318681,-0.318681
K01488,0.000000,0.021978,-0.021978
K01490,0.000000,0.000000,0.000000
K01491,1.000000,0.956044,0.043956
K01492,0.000000,0.000000,0.000000
K01495,0.000000,0.527473,-0.527473
K01496,0.000000,0.000000,0.000000
K01497,0.000000,0.021978,-0.021978
K01498,0.000000,0.000000,0.000000
K01499,0.050000,0.054945,-0.004945
K01500,0.950000,0.538462,0.411538
K01506,0.000000,0.000000,0.000000
K01520,0.250000,0.274725,-0.024725
K01523,0.000000,0.032967,-0.032967
K01555,0.000000,0.000000,0.000000
K01556,0.000000,0.461538,-0.461538
K01574,0.150000,0.142857,0.007143
K01579,0.700000,0.626374,0.073626
K01580,0.000000,0.010989,-0.010989
K01581,1.000000,0.318681,0.681319
K01582,0.000000,0.010989,-0.010989
K01584,0.150000,0.032967,0.117033
K01585,0.000000,0.626374,-0.626374
K01586,0.950000,0.879121,0.070879
K01587,0.000000,0.000000,0.000000
K01588,0.450000,0.879121,-0.429121
K01589,0.250000,0.670330,-0.420330
K01591,0.750000,0.945055,-0.195055
K01595,0.050000,0.626374,-0.576374
K01596,0.000000,0.153846,-0.153846
K01597,0.000000,0.000000,0.000000
K01598,0.000000,0.000000,0.000000
K01599,0.150000,0.472527,-0.322527
K01601,0.000000,0.131868,-0.131868
K01602,0.000000,0.131868,-0.131868
K01609,1.000000,0.945055,0.054945
K01610,0.750000,0.714286,0.035714
K01611,0.850000,0.637363,0.212637
K01613,0.000000,0.362637,-0.362637
K01616,0.000000,0.000000,0.000000
K01617,0.000000,0.043956,-0.043956
K01622,0.000000,0.186813,-0.186813
K01623,0.000000,0.032967,-0.032967
K01624,1.000000,0.901099,0.098901
K01625,0.500000,0.505495,-0.005495
K01626,0.000000,0.252747,-0.252747
K01627,0.050000,0.175824,-0.125824
K01631,0.000000,0.000000,0.000000
K01633,0.000000,0.516484,-0.516484
K01636,0.000000,0.000000,0.000000
K01637,0.000000,0.582418,-0.582418
K01638,0.000000,0.582418,-0.582418
K01640,0.000000,0.450549,-0.450549
K01641,0.000000,0.000000,0.000000
K01647,0.100000,0.208791,-0.108791
K01649,0.100000,0.747253,-0.647253
K01652,0.100000,0.747253,-0.647253
K01653,0.100000,0.681319,-0.581319
K01654,0.000000,0.000000,0.000000
K01655,0.000000,0.604396,-0.604396
K01656,0.000000,0.000000,0.000000
K01657,0.100000,0.736264,-0.636264
K01658,0.150000,0.714286,-0.564286
K01659,0.150000,0.637363,-0.487363
K01661,0.000000,0.000000,0.000000
K01662,1.000000,1.000000,0.000000
K01663,0.000000,0.000000,0.000000
K01666,0.000000,0.010989,-0.010989
K01676,0.000000,0.000000,0.000000
K01677,0.650000,0.208791,0.441209
K01678,0.650000,0.208791,0.441209
K01679,0.000000,0.725275,-0.725275
K01681,0.000000,0.692308,-0.692308
K01682,0.000000,0.000000,0.000000
K01684,0.000000,0.043956,-0.043956
K01685,0.000000,0.054945,-0.054945
K01686,0.150000,0.131868,0.018132
K01687,0.100000,0.758242,-0.658242
K01689,1.000000,1.000000,0.000000
K01690,0.000000,0.000000,0.000000
K01692,0.000000,0.021978,-0.021978
K01693,0.200000,0.780220,-0.580220
K01694,0.000000,0.021978,-0.021978
K01695,0.150000,0.769231,-0.619231
K01696,0.150000,0.747253,-0.597253
K01697,0.200000,0.043956,0.156044
K01698,0.050000,0.747253,-0.697253
K01702,0.000000,0.362637,-0.362637
K01703,0.050000,0.384615,-0.334615
K01704,0.000000,0.615385,-0.615385
K01705,0.000000,0.000000,0.000000
K01710,0.600000,0.604396,-0.004396
K01712,0.750000,0.780220,-0.030220
K01713,0.200000,0.109890,0.090110
K01714,1.000000,0.791209,0.208791
K01716,0.000000,0.000000,0.000000
K01719,0.000000,0.384615,-0.384615
K01733,0.600000,0.758242,-0.158242
K01735,0.500000,0.593407,-0.093407
K01736,0.650000,0.890110,-0.240110
K01737,0.750000,0.439560,0.310440
K01738,1.000000,0.923077,0.076923
K01739,0.000000,0.043956,-0.043956
K01745,0.750000,0.780220,-0.030220
K01749,0.050000,0.747253,-0.697253
K01752,0.900000,0.835165,0.064835
K01754,0.050000,0.527473,-0.477473
K01755,0.250000,0.791209,-0.541209
K01756,1.000000,1.000000,0.000000
K01758,0.250000,0.208791,0.041209
K01760,0.200000,0.065934,0.134066
K01770,0.900000,0.813187,0.086813
K01772,0.000000,0.428571,-0.428571
K01778,0.600000,0.296703,0.303297
K01780,0.000000,0.032967,-0.032967
K01782,0.000000,0.000000,0.000000
K01783,1.000000,0.978022,0.021978
K01784,0.950000,0.879121,0.070879
K01785,0.550000,0.527473,0.022527
K01790,0.300000,0.538462,-0.238462
K01799,0.000000,0.000000,0.000000
K01800,0.000000,0.000000,0.000000
K01803,1.000000,1.000000,0.000000
K01807,0.000000,0.604396,-0.604396
K01808,1.000000,0.384615,0.615385
K01810,1.000000,0.956044,0.043956
K01812,0.150000,0.098901,0.051099
K01814,0.200000,0.560440,-0.360440
K01817,0.100000,0.747253,-0.647253
K01821,0.050000,0.252747,-0.202747
K01823,0.000000,0.000000,0.000000
K01825,0.000000,0.000000,0.000000
K01826,0.000000,0.098901,-0.098901
K01834,0.250000,0.175824,0.074176
K01835,0.150000,0.626374,-0.476374
K01845,0.050000,0.703297,-0.653297
K01846,0.000000,0.010989,-0.010989
K01847,0.000000,0.406593,-0.406593
K01848,0.950000,0.934066,0.015934
K01849,0.850000,0.626374,0.223626
K01850,0.000000,0.000000,0.000000
K01856,0.000000,0.043956,-0.043956
K01885,0.050000,0.626374,-0.576374
K01895,0.000000,0.615385,-0.615385
K01897,0.000000,0.417582,-0.417582
K01899,0.000000,0.000000,0.000000
K01900,0.000000,0.000000,0.000000
K01902,0.550000,0.736264,-0.186264
K01903,0.550000,0.747253,-0.197253
K01906,0.000000,0.000000,0.000000
K01911,0.000000,0.043956,-0.043956
K01912,0.050000,0.725275,-0.675275
K01915,0.550000,0.868132,-0.318132
K01916,0.800000,0.846154,-0.046154
K01918,0.700000,0.736264,-0.036264
K01919,0.000000,0.000000,0.000000
K01920,0.000000,0.000000,0.000000
K01922,0.000000,0.000000,0.000000
K01923,0.750000,0.945055,-0.195055
K01932,0.150000,0.186813,-0.036813
K01933,0.700000,0.934066,-0.234066
K01935,0.000000,0.043956,-0.043956
K01937,1.000000,0.956044,0.043956
K01938,1.000000,0.593407,0.406593
K01939,1.000000,1.000000,0.000000
K01940,0.100000,0.758242,-0.658242
K01945,0.750000,0.945055,-0.195055
K01947,0.000000,0.000000,0.000000
K01950,1.000000,0.241758,0.758242
K01951,1.000000,1.000000,0.000000
K01952,0.000000,0.000000,0.000000
K01954,0.000000,0.000000,0.000000
K01955,0.150000,0.780220,-0.630220
K01956,0.150000,0.736264,-0.586264
K01957,0.000000,0.000000,0.000000
K01958,0.000000,0.054945,-0.054945
K01959,0.000000,0.000000,0.000000
K01960,0.000000,0.000000,0.000000
K01961,0.000000,0.615385,-0.615385
K01962,0.000000,0.615385,-0.615385
K01963,0.000000,0.527473,-0.527473
K01964,0.000000,0.000000,0.000000
K01965,0.000000,0.000000,0.000000
K01966,1.000000,1.000000,0.000000
K01968,0.000000,0.000000,0.000000
K01969,0.000000,0.615385,-0.615385
K02045,0.000000,0.032967,-0.032967
K02046,0.000000,0.032967,-0.032967
K02047,0.000000,0.032967,-0.032967
K02048,0.000000,0.000000,0.000000
K02078,1.000000,1.000000,0.000000
K02107,0.050000,0.230769,-0.180769
K02108,0.950000,0.252747,0.697253
K02109,0.900000,0.241758,0.658242
K02110,0.950000,0.252747,0.697253
K02111,0.950000,0.252747,0.697253
K02112,0.000000,0.010989,-0.010989
K02113,0.950000,0.241758,0.708242
K02114,0.950000,0.252747,0.697253
K02115,0.950000,0.252747,0.697253
K02117,0.250000,0.835165,-0.585165
K02118,0.250000,0.835165,-0.585165
K02119,0.250000,0.835165,-0.585165
K02120,0.250000,0.835165,-0.585165
K02121,0.100000,0.791209,-0.691209
K02122,0.250000,0.835165,-0.585165
K02123,0.250000,0.835165,-0.585165
K02124,0.250000,0.747253,-0.497253
K02160,0.000000,0.615385,-0.615385
K02169,0.100000,0.142857,-0.042857
K02170,0.000000,0.010989,-0.010989
K02171,0.000000,0.087912,-0.087912
K02172,0.000000,0.043956,-0.043956
K02188,0.100000,0.285714,-0.185714
K02189,0.100000,0.219780,-0.119780
K02190,0.050000,0.131868,-0.081868
K02191,0.050000,0.065934,-0.015934
K02201,0.000000,0.000000,0.000000
K02203,0.000000,0.000000,0.000000
K02204,0.150000,0.351648,-0.201648
K02224,0.050000,0.538462,-0.488462
K02225,0.000000,0.000000,0.000000
K02226,0.000000,0.505495,-0.505495
K02227,0.250000,0.681319,-0.431319
K02228,0.000000,0.000000,0.000000
K02229,0.000000,0.000000,0.000000
K02230,0.000000,0.098901,-0.098901
K02231,0.500000,0.857143,-0.357143
K02232,0.300000,0.626374,-0.326374
K02233,0.500000,0.857143,-0.357143
K02274,0.000000,0.549451,-0.549451
K02275,0.000000,0.615385,-0.615385
K02276,0.000000,0.131868,-0.131868
K02277,0.000000,0.087912,-0.087912
K02291,0.000000,0.593407,-0.593407
K02293,0.000000,0.000000,0.000000
K02297,0.000000,0.000000,0.000000
K02298,0.000000,0.000000,0.000000
K02299,0.000000,0.000000,0.000000
K02300,0.000000,0.000000,0.000000
K02302,0.000000,0.065934,-0.065934
K02303,0.000000,0.307692,-0.307692
K02304,0.000000,0.000000,0.000000
K02305,0.000000,0.021978,-0.021978
K02318,0.000000,0.000000,0.000000
K02371,1.000000,0.417582,0.582418
K02372,1.000000,0.989011,0.010989
K02438,0.000000,0.000000,0.000000
K02446,0.900000,0.978022,-0.078022
K02492,0.050000,0.703297,-0.653297
K02495,0.950000,0.989011,-0.039011
K02496,0.000000,0.000000,0.000000
K02500,0.200000,0.791209,-0.591209
K02501,0.200000,0.791209,-0.591209
K02502,0.200000,0.780220,-0.580220
K02517,0.000000,0.164835,-0.164835
K02527,0.000000,0.164835,-0.164835
K02535,0.000000,0.340659,-0.340659
K02536,0.100000,0.373626,-0.273626
K02545,0.000000,0.000000,0.000000
K02546,0.000000,0.000000,0.000000
K02547,0.000000,0.000000,0.000000
K02548,0.250000,0.054945,0.195055
K02549,0.000000,0.604396,-0.604396
K02551,0.000000,0.000000,0.000000
K02552,0.000000,0.000000,0.000000
K02554,0.000000,0.043956,-0.043956
K02560,0.000000,0.000000,0.000000
K02566,0.700000,0.153846,0.546154
K02567,0.000000,0.021978,-0.021978
K02568,0.000000,0.021978,-0.021978
K02575,0.000000,0.285714,-0.285714
K02586,0.000000,0.000000,0.000000
K02588,0.050000,0.076923,-0.026923
K02591,0.000000,0.000000,0.000000
K02609,0.000000,0.604396,-0.604396
K02610,0.000000,0.593407,-0.593407
K02611,0.000000,0.604396,-0.604396
K02612,1.000000,0.835165,0.164835
K02613,0.050000,0.021978,0.028022
K02615,0.000000,0.000000,0.000000
K02618,0.000000,0.582418,-0.582418
K02626,0.000000,0.043956,-0.043956
K02634,0.000000,0.000000,0.000000
K02635,0.000000,0.000000,0.000000
K02636,0.000000,0.109890,-0.109890
K02637,0.000000,0.000000,0.000000
K02640,0.000000,0.000000,0.000000
K02642,0.000000,0.000000,0.000000
K02643,0.000000,0.000000,0.000000
K02689,0.000000,0.000000,0.000000
K02690,0.000000,0.000000,0.000000
K02691,0.000000,0.000000,0.000000
K02692,0.000000,0.000000,0.000000
K02693,0.000000,0.000000,0.000000
K02694,0.000000,0.000000,0.000000
K02703,0.000000,0.000000,0.000000
K02704,0.000000,0.000000,0.000000
K02705,0.000000,0.000000,0.000000
K02706,0.000000,0.000000,0.000000
K02707,0.000000,0.000000,0.000000
K02708,0.000000,0.000000,0.000000
K02821,0.050000,0.010989,0.039011
K02822,0.050000,0.010989,0.039011
K02826,0.000000,0.000000,0.000000
K02827,0.000000,0.000000,0.000000
K02828,0.000000,0.000000,0.000000
K02829,0.000000,0.000000,0.000000
K02851,0.950000,0.989011,-0.039011
K02858,0.000000,0.043956,-0.043956
K03077,0.350000,0.153846,0.196154
K03078,0.000000,0.000000,0.000000
K03079,0.550000,0.483516,0.066484
K03147,0.400000,0.604396,-0.204396
K03148,0.000000,0.000000,0.000000
K03149,0.100000,0.461538,-0.361538
K03150,0.800000,0.208791,0.591209
K03151,0.950000,0.373626,0.576374
K03153,0.000000,0.571429,-0.571429
K03154,0.100000,0.450549,-0.350549
K03179,0.050000,0.626374,-0.576374
K03181,0.000000,0.000000,0.000000
K03182,0.050000,0.626374,-0.576374
K03183,0.550000,0.846154,-0.296154
K03184,0.000000,0.000000,0.000000
K03185,0.000000,0.054945,-0.054945
K03186,0.050000,0.615385,-0.565385
K03196,0.000000,0.000000,0.000000
K03219,0.000000,0.021978,-0.021978
K03221,0.000000,0.000000,0.000000
K03222,0.000000,0.000000,0.000000
K03223,0.050000,0.010989,0.039011
K03224,0.000000,0.000000,0.000000
K03225,0.000000,0.000000,0.000000
K03226,0.000000,0.000000,0.000000
K03227,0.000000,0.000000,0.000000
K03228,0.000000,0.000000,0.000000
K03229,0.000000,0.000000,0.000000
K03230,0.000000,0.000000,0.000000
K03268,0.000000,0.000000,0.000000
K03269,0.750000,0.208791,0.541209
K03270,0.050000,0.175824,-0.125824
K03271,0.300000,0.296703,0.003297
K03272,0.000000,0.054945,-0.054945
K03273,0.000000,0.098901,-0.098901
K03274,0.000000,0.000000,0.000000
K03334,0.000000,0.000000,0.000000
K03340,0.050000,0.010989,0.039011
K03367,0.100000,0.054945,0.045055
K03381,0.000000,0.021978,-0.021978
K03385,0.050000,0.153846,-0.103846
K03388,0.250000,0.439560,-0.189560
K03389,0.000000,0.000000,0.000000
K03390,0.000000,0.021978,-0.021978
K03392,0.000000,0.000000,0.000000
K03394,0.050000,0.263736,-0.213736
K03399,0.050000,0.076923,-0.026923
K03431,1.000000,1.000000,0.000000
K03464,0.000000,0.021978,-0.021978
K03465,1.000000,0.659341,0.340659
K03472,0.000000,0.000000,0.000000
K03473,0.000000,0.000000,0.000000
K03474,0.000000,0.000000,0.000000
K03475,0.050000,0.010989,0.039011
K03476,0.050000,0.021978,0.028022
K03517,0.550000,0.450549,0.099451
K03525,1.000000,0.967033,0.032967
K03526,1.000000,1.000000,0.000000
K03527,0.650000,0.923077,-0.273077
K03585,0.200000,0.307692,-0.107692
K03635,0.000000,0.000000,0.000000
K03637,0.400000,0.813187,-0.413187
K03638,0.000000,0.428571,-0.428571
K03639,0.450000,0.835165,-0.385165
K03644,0.150000,0.681319,-0.531319
K03689,0.000000,0.000000,0.000000
K03737,0.200000,0.296703,-0.096703
K03738,0.300000,0.263736,0.036264
K03739,0.000000,0.000000,0.000000
K03740,0.000000,0.000000,0.000000
K03750,0.400000,0.824176,-0.424176
K03760,0.000000,0.000000,0.000000
K03783,1.000000,0.725275,0.274725
K03784,0.350000,0.692308,-0.342308
K03785,0.000000,0.120879,-0.120879
K03786,0.650000,0.769231,-0.119231
K03787,1.000000,0.989011,0.010989
K03794,0.000000,0.000000,0.000000
K03795,0.000000,0.384615,-0.384615
K03801,0.150000,0.681319,-0.531319
K03831,0.550000,0.560440,-0.010440
K03841,0.000000,0.000000,0.000000
K03856,0.650000,0.560440,0.089560
K03886,0.000000,0.032967,-0.032967
K03887,0.000000,0.010989,-0.010989
K03888,0.000000,0.021978,-0.021978
K03889,0.000000,0.219780,-0.219780
K03890,0.000000,0.000000,0.000000
K03891,0.000000,0.000000,0.000000
K03894,0.000000,0.000000,0.000000
K03895,0.000000,0.000000,0.000000
K03896,0.000000,0.000000,0.000000
K03897,0.000000,0.000000,0.000000
K04041,0.000000,0.000000,0.000000
K04042,1.000000,1.000000,0.000000
K04073,0.000000,0.065934,-0.065934
K04092,0.000000,0.000000,0.000000
K04093,0.000000,0.000000,0.000000
K04102,0.000000,0.010989,-0.010989
K04112,0.200000,0.153846,0.046154
K04113,0.200000,0.043956,0.156044
K04114,0.000000,0.000000,0.000000
K04115,0.000000,0.000000,0.000000
K04116,0.000000,0.000000,0.000000
K04117,0.000000,0.000000,0.000000
K04126,0.000000,0.000000,0.000000
K04127,0.000000,0.098901,-0.098901
K04128,0.000000,0.000000,0.000000
K04480,0.000000,0.000000,0.000000
K04486,0.550000,0.769231,-0.219231
K04516,0.000000,0.000000,0.000000
K04517,0.350000,0.813187,-0.463187
K04518,0.200000,0.648352,-0.448352
K04561,0.000000,0.043956,-0.043956
K04835,0.000000,0.010989,-0.010989
K05298,0.000000,0.000000,0.000000
K05299,0.000000,0.076923,-0.076923
K05308,0.000000,0.000000,0.000000
K05359,0.000000,0.000000,0.000000
K05375,0.000000,0.000000,0.000000
K05526,0.000000,0.000000,0.000000
K05549,0.000000,0.000000,0.000000
K05550,0.000000,0.000000,0.000000
K05551,0.000000,0.000000,0.000000
K05552,0.000000,0.000000,0.000000
K05553,0.000000,0.000000,0.000000
K05554,0.000000,0.043956,-0.043956
K05555,0.900000,0.285714,0.614286
K05556,0.000000,0.000000,0.000000
K05572,0.000000,0.000000,0.000000
K05573,0.000000,0.000000,0.000000
K05574,0.000000,0.000000,0.000000
K05575,0.000000,0.000000,0.000000
K05576,0.000000,0.000000,0.000000
K05577,0.000000,0.021978,-0.021978
K05578,0.000000,0.032967,-0.032967
K05579,0.000000,0.000000,0.000000
K05580,0.000000,0.000000,0.000000
K05581,0.000000,0.000000,0.000000
K05582,0.000000,0.000000,0.000000
K05583,0.000000,0.000000,0.000000
K05584,0.000000,0.000000,0.000000
K05585,0.000000,0.000000,0.000000
K05599,0.000000,0.000000,0.000000
K05600,0.000000,0.000000,0.000000
K05602,0.000000,0.010989,-0.010989
K05603,0.000000,0.000000,0.000000
K05606,0.950000,0.978022,-0.028022
K05607,0.000000,0.000000,0.000000
K05708,0.000000,0.000000,0.000000
K05709,0.000000,0.000000,0.000000
K05710,0.000000,0.538462,-0.538462
K05711,0.000000,0.000000,0.000000
K05712,0.000000,0.142857,-0.142857
K05713,0.000000,0.000000,0.000000
K05714,0.750000,0.626374,0.123626
K05783,0.000000,0.000000,0.000000
K05784,0.000000,0.000000,0.000000
K05810,0.600000,0.868132,-0.268132
K05822,0.950000,0.362637,0.587363
K05823,0.950000,0.208791,0.741209
K05824,0.000000,0.604396,-0.604396
K05826,0.000000,0.714286,-0.714286
K05827,0.000000,0.725275,-0.725275
K05828,0.000000,0.725275,-0.725275
K05829,0.000000,0.736264,-0.736264
K05830,0.000000,0.637363,-0.637363
K05831,0.000000,0.725275,-0.725275
K05884,0.200000,0.131868,0.068132
K05895,0.100000,0.109890,-0.009890
K05921,0.000000,0.604396,-0.604396
K05928,0.000000,0.010989,-0.010989
K05934,0.100000,0.120879,-0.020879
K05936,0.100000,0.285714,-0.185714
K05942,0.000000,0.000000,0.000000
K05979,1.000000,0.912088,0.087912
K06001,0.750000,0.164835,0.585165
K06016,0.000000,0.461538,-0.461538
K06034,0.000000,0.000000,0.000000
K06041,0.150000,0.197802,-0.047802
K06042,0.100000,0.285714,-0.185714
K06044,0.000000,0.329670,-0.329670
K06134,0.000000,0.000000,0.000000
K06208,0.600000,0.450549,0.149451
K06209,0.000000,0.000000,0.000000
K06210,0.000000,0.000000,0.000000
K06215,0.950000,0.879121,0.070879
K06445,0.000000,0.000000,0.000000
K06447,0.000000,0.000000,0.000000
K06718,0.000000,0.000000,0.000000
K06720,0.000000,0.000000,0.000000
K06859,0.000000,0.010989,-0.010989
K06863,0.000000,0.000000,0.000000
K06914,0.000000,0.065934,-0.065934
K06981,0.000000,0.000000,0.000000
K06982,0.000000,0.000000,0.000000
K06989,0.550000,0.131868,0.418132
K06998,0.550000,0.747253,-0.197253
K07072,0.000000,0.032967,-0.032967
K07104,0.000000,0.604396,-0.604396
K07127,0.000000,0.351648,-0.351648
K07130,0.500000,0.560440,-0.060440
K07144,0.000000,0.032967,-0.032967
K07173,0.000000,0.615385,-0.615385
K07250,0.050000,0.241758,-0.191758
K07260,0.000000,0.021978,-0.021978
K07282,0.450000,0.362637,0.087363
K07389,0.000000,0.000000,0.000000
K07404,0.150000,0.186813,-0.036813
K07508,0.000000,0.000000,0.000000
K07509,0.000000,0.010989,-0.010989
K07511,0.000000,0.153846,-0.153846
K07513,0.000000,0.219780,-0.219780
K07514,0.000000,0.274725,-0.274725
K07515,0.000000,0.010989,-0.010989
K07516,0.000000,0.604396,-0.604396
K07534,0.000000,0.000000,0.000000
K07535,0.000000,0.395604,-0.395604
K07536,0.000000,0.021978,-0.021978
K07537,0.000000,0.000000,0.000000
K07538,0.000000,0.000000,0.000000
K07539,0.000000,0.000000,0.000000
K07540,0.000000,0.000000,0.000000
K07543,0.000000,0.000000,0.000000
K07544,0.000000,0.000000,0.000000
K07545,0.000000,0.000000,0.000000
K07546,0.000000,0.021978,-0.021978
K07547,0.000000,0.000000,0.000000
K07548,0.000000,0.098901,-0.098901
K07549,0.000000,0.000000,0.000000
K07550,0.000000,0.000000,0.000000
K07637,0.000000,0.010989,-0.010989
K07644,0.150000,0.252747,-0.102747
K07660,0.000000,0.000000,0.000000
K07665,0.150000,0.164835,-0.014835
K07690,0.000000,0.000000,0.000000
K07806,0.000000,0.087912,-0.087912
K08068,0.000000,0.000000,0.000000
K08074,0.000000,0.000000,0.000000
K08093,0.150000,0.032967,0.117033
K08094,0.150000,0.043956,0.106044
K08097,0.000000,0.000000,0.000000
K08167,0.000000,0.000000,0.000000
K08168,0.000000,0.032967,-0.032967
K08170,0.000000,0.000000,0.000000
K08264,0.000000,0.010989,-0.010989
K08265,0.000000,0.010989,-0.010989
K08289,0.000000,0.000000,0.000000
K08310,0.000000,0.010989,-0.010989
K08323,0.000000,0.010989,-0.010989
K08477,0.000000,0.000000,0.000000
K08641,0.000000,0.098901,-0.098901
K08645,0.000000,0.000000,0.000000
K08680,0.000000,0.000000,0.000000
K08681,0.950000,0.835165,0.114835
K08689,0.000000,0.000000,0.000000
K08690,0.000000,0.000000,0.000000
K08691,0.000000,0.000000,0.000000
K08692,0.000000,0.000000,0.000000
K08693,0.000000,0.318681,-0.318681
K08721,0.000000,0.000000,0.000000
K08928,0.000000,0.000000,0.000000
K08929,0.000000,0.000000,0.000000
K08940,0.000000,0.000000,0.000000
K08941,0.000000,0.000000,0.000000
K08942,0.000000,0.000000,0.000000
K08943,0.000000,0.000000,0.000000
K08963,1.000000,0.648352,0.351648
K08964,0.000000,0.000000,0.000000
K08965,0.000000,0.000000,0.000000
K08966,0.000000,0.000000,0.000000
K08967,0.000000,0.000000,0.000000
K08969,0.000000,0.021978,-0.021978
K08973,0.000000,0.000000,0.000000
K09007,0.750000,0.274725,0.475275
K09011,0.000000,0.021978,-0.021978
K09018,0.000000,0.000000,0.000000
K09019,0.000000,0.000000,0.000000
K09020,0.400000,0.428571,-0.028571
K09021,0.000000,0.065934,-0.065934
K09023,0.050000,0.021978,0.028022
K09024,0.000000,0.000000,0.000000
K09065,0.550000,0.241758,0.308242
K09128,0.000000,0.054945,-0.054945
K09251,0.000000,0.615385,-0.615385
K09458,1.000000,1.000000,0.000000
K09470,0.000000,0.109890,-0.109890
K09471,0.000000,0.263736,-0.263736
K09472,0.000000,0.000000,0.000000
K09473,0.000000,0.000000,0.000000
K09476,0.050000,0.010989,0.039011
K09479,0.000000,0.000000,0.000000
K09680,0.000000,0.142857,-0.142857
K09699,0.000000,0.065934,-0.065934
K09709,0.000000,0.000000,0.000000
K09722,0.000000,0.000000,0.000000
K09733,0.000000,0.032967,-0.032967
K09735,0.000000,0.000000,0.000000
K09778,0.000000,0.000000,0.000000
K09789,0.000000,0.000000,0.000000
K09833,0.000000,0.000000,0.000000
K09834,0.250000,0.054945,0.195055
K09835,0.150000,0.208791,-0.058791
K09880,0.000000,0.000000,0.000000
K09882,0.000000,0.285714,-0.285714
K09883,0.000000,0.010989,-0.010989
K09903,1.000000,0.989011,0.010989
K09913,0.000000,0.021978,-0.021978
K09949,0.000000,0.164835,-0.164835
K09953,0.000000,0.000000,0.000000
K10011,0.000000,0.087912,-0.087912
K10012,0.000000,0.109890,-0.109890
K10027,0.100000,0.615385,-0.515385
K10105,0.100000,0.021978,0.078022
K10150,0.000000,0.000000,0.000000
K10206,0.000000,0.010989,-0.010989
K10216,0.000000,0.076923,-0.076923
K10217,0.000000,0.065934,-0.065934
K10222,0.000000,0.000000,0.000000
K10527,0.000000,0.000000,0.000000
K10534,0.000000,0.000000,0.000000
K10535,0.000000,0.021978,-0.021978
K10616,0.000000,0.000000,0.000000
K10617,0.000000,0.000000,0.000000
K10618,0.000000,0.000000,0.000000
K10619,0.000000,0.010989,-0.010989
K10620,0.000000,0.000000,0.000000
K10621,0.000000,0.087912,-0.087912
K10622,0.000000,0.000000,0.000000
K10623,0.000000,0.000000,0.000000
K10780,0.000000,0.010989,-0.010989
K10807,0.000000,0.000000,0.000000
K10808,0.000000,0.000000,0.000000
K10810,0.000000,0.000000,0.000000
K10817,0.000000,0.000000,0.000000
K10919,0.000000,0.000000,0.000000
K10920,0.000000,0.000000,0.000000
K10928,0.000000,0.000000,0.000000
K10929,0.000000,0.000000,0.000000
K10930,0.000000,0.000000,0.000000
K10931,0.000000,0.000000,0.000000
K10932,0.000000,0.000000,0.000000
K10933,0.000000,0.000000,0.000000
K10934,0.000000,0.000000,0.000000
K10935,0.000000,0.000000,0.000000
K10944,0.000000,0.000000,0.000000
K10945,0.000000,0.000000,0.000000
K10946,0.000000,0.000000,0.000000
K10948,0.000000,0.000000,0.000000
K10952,0.000000,0.000000,0.000000
K10953,0.000000,0.000000,0.000000
K10954,0.000000,0.153846,-0.153846
K10961,0.000000,0.000000,0.000000
K10962,0.000000,0.000000,0.000000
K10963,0.000000,0.000000,0.000000
K10964,0.000000,0.000000,0.000000
K10965,0.000000,0.000000,0.000000
K10966,0.000000,0.000000,0.000000
K10977,0.100000,0.021978,0.078022
K10978,0.000000,0.010989,-0.010989
K11003,0.000000,0.000000,0.000000
K11004,0.000000,0.000000,0.000000
K11006,0.000000,0.000000,0.000000
K11007,0.000000,0.000000,0.000000
K11014,0.000000,0.000000,0.000000
K11018,0.000000,0.000000,0.000000
K11023,0.000000,0.000000,0.000000
K11024,0.000000,0.000000,0.000000
K11025,0.000000,0.000000,0.000000
K11026,0.000000,0.000000,0.000000
K11027,0.000000,0.000000,0.000000
K11029,0.000000,0.000000,0.000000
K11030,0.000000,0.098901,-0.098901
K11175,0.700000,0.912088,-0.212088
K11176,0.000000,0.000000,0.000000
K11177,0.000000,0.153846,-0.153846
K11178,0.000000,0.164835,-0.164835
K11180,0.000000,0.000000,0.000000
K11181,0.000000,0.000000,0.000000
K11204,0.000000,0.000000,0.000000
K11205,0.000000,0.000000,0.000000
K11212,0.700000,0.560440,0.139560
K11258,0.000000,0.054945,-0.054945
K11260,0.050000,0.010989,0.039011
K11261,0.000000,0.274725,-0.274725
K11262,0.000000,0.000000,0.000000
K11263,0.000000,0.000000,0.000000
K11311,0.000000,0.000000,0.000000
K11381,0.000000,0.000000,0.000000
K11389,0.000000,0.000000,0.000000
K11395,0.000000,0.000000,0.000000
K11440,0.000000,0.000000,0.000000
K11528,0.050000,0.010989,0.039011
K11529,0.950000,0.912088,0.037912
K11532,0.000000,0.000000,0.000000
K11533,0.000000,0.000000,0.000000
K11540,0.000000,0.000000,0.000000
K11541,0.000000,0.000000,0.000000
K11608,0.000000,0.000000,0.000000
K11609,0.000000,0.000000,0.000000
K11610,0.000000,0.000000,0.000000
K11611,0.000000,0.000000,0.000000
K11645,0.000000,0.109890,-0.109890
K11751,1.000000,0.857143,0.142857
K11752,0.550000,0.835165,-0.285165
K11753,1.000000,1.000000,0.000000
K11754,1.000000,1.000000,0.000000
K11755,0.200000,0.780220,-0.580220
K11780,0.000000,0.000000,0.000000
K11781,0.000000,0.000000,0.000000
K11782,0.000000,0.615385,-0.615385
K11783,0.000000,0.615385,-0.615385
K11784,0.000000,0.615385,-0.615385
K11785,0.000000,0.615385,-0.615385
K11787,0.050000,0.010989,0.039011
K11788,0.000000,0.010989,-0.010989
K11808,0.300000,0.065934,0.234066
K12073,0.000000,0.000000,0.000000
K12086,0.000000,0.000000,0.000000
K12087,0.000000,0.000000,0.000000
K12088,0.000000,0.000000,0.000000
K12089,0.000000,0.000000,0.000000
K12090,0.000000,0.000000,0.000000
K12091,0.000000,0.000000,0.000000
K12092,0.000000,0.000000,0.000000
K12093,0.000000,0.000000,0.000000
K12094,0.000000,0.000000,0.000000
K12095,0.000000,0.000000,0.000000
K12096,0.000000,0.000000,0.000000
K12097,0.000000,0.000000,0.000000
K12098,0.000000,0.000000,0.000000
K12099,0.000000,0.000000,0.000000
K12100,0.000000,0.000000,0.000000
K12101,0.000000,0.000000,0.000000
K12102,0.000000,0.000000,0.000000
K12103,0.000000,0.000000,0.000000
K12104,0.000000,0.000000,0.000000
K12105,0.000000,0.000000,0.000000
K12106,0.000000,0.000000,0.000000
K12107,0.000000,0.000000,0.000000
K12108,0.000000,0.000000,0.000000
K12109,0.000000,0.000000,0.000000
K12110,0.000000,0.000000,0.000000
K12234,0.050000,0.054945,-0.004945
K12250,0.000000,0.000000,0.000000
K12298,0.000000,0.000000,0.000000
K12340,0.350000,0.802198,-0.452198
K12406,0.000000,0.000000,0.000000
K12407,0.000000,0.000000,0.000000
K12420,0.000000,0.000000,0.000000
K12428,0.000000,0.000000,0.000000
K12437,0.000000,0.000000,0.000000
K12447,0.000000,0.000000,0.000000
K12502,0.000000,0.000000,0.000000
K12506,0.150000,0.208791,-0.058791
K12524,0.300000,0.362637,-0.062637
K12525,0.000000,0.000000,0.000000
K12526,0.000000,0.000000,0.000000
K12628,0.000000,0.000000,0.000000
K12629,0.000000,0.000000,0.000000
K12630,0.000000,0.000000,0.000000
K12631,0.000000,0.000000,0.000000
K12632,0.150000,0.032967,0.117033
K12633,0.000000,0.000000,0.000000
K12634,0.000000,0.000000,0.000000
K12635,0.000000,0.000000,0.000000
K12636,0.000000,0.000000,0.000000
K12657,0.000000,0.000000,0.000000
K12658,0.000000,0.054945,-0.054945
K12659,0.000000,0.000000,0.000000
K12673,0.000000,0.000000,0.000000
K12674,0.000000,0.000000,0.000000
K12675,0.000000,0.000000,0.000000
K12676,0.000000,0.000000,0.000000
K12710,0.000000,0.109890,-0.109890
K12743,0.000000,0.000000,0.000000
K12744,0.000000,0.000000,0.000000
K12745,0.000000,0.000000,0.000000
K12784,0.000000,0.000000,0.000000
K12785,0.000000,0.000000,0.000000
K12786,0.000000,0.000000,0.000000
K12787,0.000000,0.000000,0.000000
K12788,0.000000,0.000000,0.000000
K12977,0.000000,0.000000,0.000000
K13014,0.000000,0.076923,-0.076923
K13034,0.000000,0.000000,0.000000
K13037,0.000000,0.032967,-0.032967
K13038,0.750000,0.923077,-0.173077
K13039,0.000000,0.000000,0.000000
K13063,0.000000,0.000000,0.000000
K13273,0.000000,0.000000,0.000000
K13307,0.000000,0.318681,-0.318681
K13308,0.000000,0.000000,0.000000
K13309,0.000000,0.000000,0.000000
K13310,0.100000,0.175824,-0.075824
K13311,0.000000,0.076923,-0.076923
K13312,0.000000,0.000000,0.000000
K13313,0.000000,0.000000,0.000000
K13315,0.000000,0.076923,-0.076923
K13316,0.000000,0.000000,0.000000
K13317,0.050000,0.010989,0.039011
K13318,0.000000,0.000000,0.000000
K13322,0.000000,0.000000,0.000000
K13326,0.000000,0.000000,0.000000
K13327,0.050000,0.010989,0.039011
K13328,0.000000,0.000000,0.000000
K13329,0.000000,0.000000,0.000000
K13330,0.000000,0.000000,0.000000
K13378,0.000000,0.000000,0.000000
K13380,0.000000,0.000000,0.000000
K13421,0.000000,0.000000,0.000000
K13479,0.550000,0.230769,0.319231
K13480,0.000000,0.000000,0.000000
K13481,0.000000,0.472527,-0.472527
K13482,0.000000,0.351648,-0.351648
K13483,0.000000,0.153846,-0.153846
K13484,0.000000,0.000000,0.000000
K13485,0.000000,0.351648,-0.351648
K13497,0.050000,0.010989,0.039011
K13498,0.000000,0.010989,-0.010989
K13501,0.000000,0.000000,0.000000
K13503,0.000000,0.263736,-0.263736
K13524,0.000000,0.000000,0.000000
K13534,0.000000,0.000000,0.000000
K13540,0.000000,0.000000,0.000000
K13541,0.000000,0.109890,-0.109890
K13542,0.050000,0.472527,-0.422527
K13543,0.000000,0.000000,0.000000
K13609,0.000000,0.000000,0.000000
K13632,0.000000,0.000000,0.000000
K13679,0.000000,0.000000,0.000000
K13713,0.000000,0.000000,0.000000
K13766,0.000000,0.362637,-0.362637
K13767,0.000000,0.021978,-0.021978
K13787,0.350000,0.681319,-0.331319
K13788,0.000000,0.329670,-0.329670
K13789,0.150000,0.131868,0.018132
K13799,0.100000,0.032967,0.067033
K13800,0.000000,0.021978,-0.021978
K13809,0.000000,0.000000,0.000000
K13810,0.000000,0.131868,-0.131868
K13812,0.000000,0.000000,0.000000
K13821,0.450000,0.714286,-0.264286
K13829,0.550000,0.659341,-0.109341
K13830,0.000000,0.000000,0.000000
K13831,0.000000,0.000000,0.000000
K13832,0.000000,0.065934,-0.065934
K13853,0.000000,0.615385,-0.615385
K13877,0.000000,0.054945,-0.054945
K13937,0.000000,0.000000,0.000000
K13939,0.000000,0.000000,0.000000
K13940,0.000000,0.065934,-0.065934
K13941,0.000000,0.000000,0.000000
K13942,0.000000,0.000000,0.000000
K13990,0.000000,0.000000,0.000000
K13995,0.000000,0.032967,-0.032967
K13997,0.000000,0.010989,-0.010989
K13998,0.000000,0.000000,0.000000
K14028,0.000000,0.000000,0.000000
K14029,0.000000,0.000000,0.000000
K14067,0.000000,0.000000,0.000000
K14073,0.000000,0.000000,0.000000
K14074,0.000000,0.000000,0.000000
K14075,0.000000,0.000000,0.000000
K14076,0.000000,0.000000,0.000000
K14080,0.150000,0.131868,0.018132
K14081,0.000000,0.000000,0.000000
K14082,0.150000,0.043956,0.106044
K14083,0.000000,0.000000,0.000000
K14084,0.200000,0.054945,0.145055
K14085,0.000000,0.000000,0.000000
K14126,0.000000,0.000000,0.000000
K14127,0.000000,0.000000,0.000000
K14128,0.000000,0.000000,0.000000
K14138,0.000000,0.000000,0.000000
K14152,0.000000,0.000000,0.000000
K14153,0.000000,0.010989,-0.010989
K14155,0.950000,0.967033,-0.017033
K14170,0.050000,0.153846,-0.103846
K14187,0.000000,0.000000,0.000000
K14188,0.000000,0.000000,0.000000
K14205,0.150000,0.043956,0.106044
K14249,0.000000,0.000000,0.000000
K14250,0.000000,0.076923,-0.076923
K14251,0.000000,0.000000,0.000000
K14252,0.000000,0.010989,-0.010989
K14253,0.000000,0.076923,-0.076923
K14254,0.000000,0.000000,0.000000
K14255,0.000000,0.000000,0.000000
K14256,0.000000,0.000000,0.000000
K14257,0.000000,0.000000,0.000000
K14263,0.000000,0.000000,0.000000
K14266,0.000000,0.000000,0.000000
K14267,0.000000,0.527473,-0.527473
K14268,0.000000,0.000000,0.000000
K14366,0.000000,0.000000,0.000000
K14367,0.000000,0.000000,0.000000
K14368,0.000000,0.000000,0.000000
K14369,0.000000,0.000000,0.000000
K14370,0.000000,0.000000,0.000000
K14371,0.000000,0.000000,0.000000
K14372,0.000000,0.000000,0.000000
K14373,0.000000,0.000000,0.000000
K14374,0.000000,0.000000,0.000000
K14375,0.000000,0.000000,0.000000
K14446,0.000000,0.000000,0.000000
K14447,0.000000,0.000000,0.000000
K14448,0.000000,0.000000,0.000000
K14449,0.000000,0.000000,0.000000
K14451,0.000000,0.274725,-0.274725
K14452,0.000000,0.000000,0.000000
K14465,0.000000,0.021978,-0.021978
K14466,0.000000,0.065934,-0.065934
K14467,0.000000,0.000000,0.000000
K14468,0.000000,0.000000,0.000000
K14469,0.000000,0.000000,0.000000
K14470,0.000000,0.000000,0.000000
K14471,0.000000,0.000000,0.000000
K14472,0.000000,0.000000,0.000000
K14534,0.000000,0.000000,0.000000
K14578,0.000000,0.000000,0.000000
K14579,0.000000,0.000000,0.000000
K14580,0.000000,0.000000,0.000000
K14581,0.000000,0.000000,0.000000
K14582,0.000000,0.000000,0.000000
K14583,0.000000,0.000000,0.000000
K14584,0.000000,0.021978,-0.021978
K14585,0.000000,0.000000,0.000000
K14626,0.000000,0.000000,0.000000
K14627,0.000000,0.000000,0.000000
K14628,0.000000,0.000000,0.000000
K14629,0.000000,0.021978,-0.021978
K14630,0.000000,0.000000,0.000000
K14631,0.050000,0.153846,-0.103846
K14632,0.000000,0.000000,0.000000
K14652,0.550000,0.824176,-0.274176
K14657,0.000000,0.000000,0.000000
K14658,0.000000,0.054945,-0.054945
K14659,0.000000,0.032967,-0.032967
K14666,0.000000,0.000000,0.000000
K14674,0.000000,0.000000,0.000000
K14675,0.000000,0.000000,0.000000
K14677,0.000000,0.000000,0.000000
K14681,0.000000,0.000000,0.000000
K14682,0.000000,0.000000,0.000000
K14727,0.000000,0.208791,-0.208791
K14759,0.000000,0.000000,0.000000
K14760,0.000000,0.000000,0.000000
K14941,0.000000,0.076923,-0.076923
K14974,0.000000,0.054945,-0.054945
K15013,0.000000,0.000000,0.000000
K15016,0.000000,0.000000,0.000000
K15017,0.000000,0.000000,0.000000
K15018,0.000000,0.000000,0.000000
K15019,0.000000,0.000000,0.000000
K15020,0.000000,0.000000,0.000000
K15022,0.000000,0.164835,-0.164835
K15023,0.050000,0.010989,0.039011
K15024,0.950000,0.307692,0.642308
K15036,0.000000,0.010989,-0.010989
K15037,0.000000,0.010989,-0.010989
K15038,0.000000,0.000000,0.000000
K15039,0.000000,0.000000,0.000000
K15052,0.000000,0.000000,0.000000
K15227,0.000000,0.000000,0.000000
K15230,0.000000,0.000000,0.000000
K15231,0.000000,0.000000,0.000000
K15314,0.000000,0.000000,0.000000
K15320,0.000000,0.000000,0.000000
K15357,0.000000,0.000000,0.000000
K15359,0.000000,0.065934,-0.065934
K15376,0.000000,0.000000,0.000000
K15408,0.000000,0.615385,-0.615385
K15576,0.000000,0.032967,-0.032967
K15577,0.000000,0.054945,-0.054945
K15578,0.000000,0.032967,-0.032967
K15579,0.000000,0.010989,-0.010989
K15633,0.000000,0.417582,-0.417582
K15634,0.150000,0.637363,-0.487363
K15635,0.750000,0.813187,-0.063187
K15736,0.050000,0.241758,-0.191758
K15737,0.000000,0.000000,0.000000
K15739,0.000000,0.000000,0.000000
K15744,0.000000,0.000000,0.000000
K15745,0.000000,0.000000,0.000000
K15750,0.000000,0.000000,0.000000
K15751,0.000000,0.000000,0.000000
K15752,0.000000,0.000000,0.000000
K15753,0.000000,0.000000,0.000000
K15754,0.000000,0.000000,0.000000
K15755,0.000000,0.000000,0.000000
K15756,0.050000,0.010989,0.039011
K15757,0.000000,0.000000,0.000000
K15758,0.000000,0.000000,0.000000
K15760,0.000000,0.000000,0.000000
K15761,0.000000,0.000000,0.000000
K15762,0.000000,0.010989,-0.010989
K15763,0.000000,0.000000,0.000000
K15764,0.000000,0.000000,0.000000
K15765,0.000000,0.000000,0.000000
K15778,0.000000,0.153846,-0.153846
K15779,0.900000,0.208791,0.691209
K15783,0.000000,0.032967,-0.032967
K15784,0.000000,0.000000,0.000000
K15785,0.000000,0.000000,0.000000
K15786,0.000000,0.000000,0.000000
K15842,0.000000,0.000000,0.000000
K15849,0.000000,0.000000,0.000000
K15862,0.000000,0.010989,-0.010989
K15864,0.000000,0.076923,-0.076923
K15866,0.000000,0.637363,-0.637363
K15876,0.000000,0.098901,-0.098901
K15884,0.000000,0.000000,0.000000
K15885,0.000000,0.010989,-0.010989
K15886,0.000000,0.000000,0.000000
K15894,0.000000,0.087912,-0.087912
K15907,0.000000,0.000000,0.000000
K15916,0.000000,0.439560,-0.439560
K15941,0.000000,0.120879,-0.120879
K15942,0.000000,0.000000,0.000000
K15943,0.000000,0.000000,0.000000
K15944,0.000000,0.000000,0.000000
K15968,0.000000,0.000000,0.000000
K15969,0.000000,0.000000,0.000000
K15970,0.000000,0.000000,0.000000
K15971,0.000000,0.109890,-0.109890
K15972,0.000000,0.000000,0.000000
K15997,0.000000,0.000000,0.000000
K16041,0.000000,0.000000,0.000000
K16042,0.000000,0.000000,0.000000
K16054,0.000000,0.000000,0.000000
K16066,0.000000,0.109890,-0.109890
K16149,0.950000,0.428571,0.521429
K16150,0.000000,0.615385,-0.615385
K16153,0.550000,0.846154,-0.296154
K16157,0.000000,0.000000,0.000000
K16158,0.000000,0.000000,0.000000
K16159,0.000000,0.000000,0.000000
K16160,0.000000,0.000000,0.000000
K16161,0.000000,0.000000,0.000000
K16162,0.000000,0.000000,0.000000
K16171,0.000000,0.000000,0.000000
K16176,0.000000,0.000000,0.000000
K16177,0.150000,0.032967,0.117033
K16178,0.000000,0.000000,0.000000
K16179,0.150000,0.131868,0.018132
K16242,0.000000,0.000000,0.000000
K16243,0.000000,0.000000,0.000000
K16244,0.000000,0.000000,0.000000
K16245,0.000000,0.000000,0.000000
K16246,0.050000,0.010989,0.039011
K16249,0.000000,0.000000,0.000000
K16268,0.000000,0.000000,0.000000
K16269,0.000000,0.000000,0.000000
K16303,0.000000,0.010989,-0.010989
K16304,0.000000,0.000000,0.000000
K16305,0.000000,0.000000,0.000000
K16306,0.100000,0.065934,0.034066
K16319,0.000000,0.000000,0.000000
K16320,0.000000,0.000000,0.000000
K16363,0.000000,0.000000,0.000000
K16369,0.000000,0.000000,0.000000
K16370,0.850000,0.186813,0.663187
K16431,0.000000,0.000000,0.000000
K16435,0.050000,0.010989,0.039011
K16436,0.000000,0.000000,0.000000
K16438,0.000000,0.000000,0.000000
K16593,0.000000,0.439560,-0.439560
K16649,0.050000,0.241758,-0.191758
K16650,0.000000,0.000000,0.000000
K16792,0.300000,0.747253,-0.447253
K16793,0.300000,0.747253,-0.447253
K16816,0.000000,0.000000,0.000000
K16838,0.000000,0.010989,-0.010989
K16839,0.000000,0.065934,-0.065934
K16840,0.000000,0.000000,0.000000
K16842,0.000000,0.010989,-0.010989
K16849,0.200000,0.131868,0.068132
K16850,0.200000,0.120879,0.079121
K16869,0.000000,0.000000,0.000000
K16870,0.050000,0.384615,-0.334615
K16871,0.000000,0.000000,0.000000
K16883,0.000000,0.000000,0.000000
K16884,0.000000,0.000000,0.000000
K17069,0.000000,0.329670,-0.329670
K17103,0.000000,0.164835,-0.164835
K17216,0.000000,0.000000,0.000000
K17217,0.000000,0.010989,-0.010989
K17222,0.000000,0.263736,-0.263736
K17223,0.000000,0.307692,-0.307692
K17224,0.000000,0.274725,-0.274725
K17225,0.000000,0.285714,-0.285714
K17226,0.000000,0.263736,-0.263736
K17227,0.000000,0.263736,-0.263736
K17398,0.000000,0.000000,0.000000
K17399,0.000000,0.000000,0.000000
K17450,0.000000,0.000000,0.000000
K17462,0.300000,0.098901,0.201099
K17463,0.000000,0.010989,-0.010989
K17476,0.000000,0.000000,0.000000
K17625,0.000000,0.054945,-0.054945
K17722,0.000000,0.285714,-0.285714
K17723,0.650000,0.527473,0.122527
K17745,0.000000,0.000000,0.000000
K17747,0.000000,0.000000,0.000000
K17755,0.000000,0.000000,0.000000
K17761,0.000000,0.000000,0.000000
K17828,0.750000,0.351648,0.398352
K17835,0.000000,0.000000,0.000000
K17836,0.050000,0.615385,-0.565385
K17841,0.000000,0.000000,0.000000
K17865,0.850000,0.626374,0.223626
K17872,0.000000,0.000000,0.000000
K17877,0.000000,0.000000,0.000000
K17900,0.000000,0.000000,0.000000
K17942,0.000000,0.000000,0.000000
K17989,0.000000,0.010989,-0.010989
K18020,0.000000,0.000000,0.000000
K18021,0.000000,0.000000,0.000000
K18022,0.000000,0.000000,0.000000
K18028,0.050000,0.076923,-0.026923
K18029,0.000000,0.000000,0.000000
K18030,0.000000,0.000000,0.000000
K18056,0.000000,0.000000,0.000000
K18057,0.000000,0.000000,0.000000
K18062,0.000000,0.000000,0.000000
K18063,0.000000,0.000000,0.000000
K18067,0.000000,0.000000,0.000000
K18068,0.000000,0.000000,0.000000
K18069,0.000000,0.000000,0.000000
K18072,0.000000,0.010989,-0.010989
K18073,0.000000,0.000000,0.000000
K18074,0.000000,0.000000,0.000000
K18075,0.000000,0.000000,0.000000
K18076,0.000000,0.000000,0.000000
K18077,0.000000,0.000000,0.000000
K18087,0.000000,0.010989,-0.010989
K18088,0.000000,0.000000,0.000000
K18089,0.000000,0.000000,0.000000
K18090,0.000000,0.000000,0.000000
K18091,0.000000,0.000000,0.000000
K18093,0.000000,0.000000,0.000000
K18094,0.000000,0.000000,0.000000
K18095,0.000000,0.000000,0.000000
K18104,0.050000,0.010989,0.039011
K18118,0.000000,0.065934,-0.065934
K18126,0.050000,0.010989,0.039011
K18127,0.000000,0.000000,0.000000
K18128,0.000000,0.000000,0.000000
K18129,0.000000,0.000000,0.000000
K18131,0.000000,0.000000,0.000000
K18138,0.000000,0.065934,-0.065934
K18139,0.000000,0.043956,-0.043956
K18140,0.100000,0.021978,0.078022
K18141,0.000000,0.032967,-0.032967
K18142,0.000000,0.000000,0.000000
K18143,0.050000,0.076923,-0.026923
K18144,0.000000,0.318681,-0.318681
K18145,0.000000,0.000000,0.000000
K18146,0.000000,0.000000,0.000000
K18147,0.000000,0.000000,0.000000
K18209,0.100000,0.043956,0.056044
K18210,0.000000,0.120879,-0.120879
K18227,0.000000,0.000000,0.000000
K18237,0.150000,0.032967,0.117033
K18240,0.000000,0.000000,0.000000
K18242,0.000000,0.000000,0.000000
K18243,0.000000,0.000000,0.000000
K18248,0.000000,0.054945,-0.054945
K18249,0.000000,0.000000,0.000000
K18251,0.000000,0.000000,0.000000
K18252,0.000000,0.000000,0.000000
K18253,0.000000,0.000000,0.000000
K18254,0.000000,0.000000,0.000000
K18255,0.000000,0.000000,0.000000
K18256,0.000000,0.000000,0.000000
K18276,0.000000,0.000000,0.000000
K18284,0.000000,0.000000,0.000000
K18285,0.000000,0.615385,-0.615385
K18286,0.000000,0.010989,-0.010989
K18287,0.000000,0.000000,0.000000
K18293,0.000000,0.000000,0.000000
K18294,0.000000,0.021978,-0.021978
K18295,0.000000,0.000000,0.000000
K18296,0.000000,0.000000,0.000000
K18297,0.000000,0.000000,0.000000
K18298,0.000000,0.000000,0.000000
K18299,0.000000,0.010989,-0.010989
K18300,0.000000,0.000000,0.000000
K18301,0.000000,0.263736,-0.263736
K18302,0.000000,0.186813,-0.186813
K18303,0.000000,0.109890,-0.109890
K18304,0.000000,0.000000,0.000000
K18315,0.000000,0.000000,0.000000
K18316,0.000000,0.000000,0.000000
K18317,0.000000,0.000000,0.000000
K18344,0.000000,0.000000,0.000000
K18345,0.100000,0.032967,0.067033
K18346,0.000000,0.604396,-0.604396
K18347,0.000000,0.000000,0.000000
K18348,0.000000,0.000000,0.000000
K18349,0.050000,0.010989,0.039011
K18350,0.050000,0.010989,0.039011
K18351,0.000000,0.010989,-0.010989
K18352,0.000000,0.010989,-0.010989
K18353,0.050000,0.373626,-0.323626
K18354,0.000000,0.000000,0.000000
K18364,0.000000,0.043956,-0.043956
K18365,0.000000,0.065934,-0.065934
K18366,0.000000,0.000000,0.000000
K18373,0.000000,0.000000,0.000000
K18374,0.000000,0.000000,0.000000
K18375,0.000000,0.000000,0.000000
K18376,0.000000,0.000000,0.000000
K18377,0.000000,0.021978,-0.021978
K18378,0.000000,0.000000,0.000000
K18379,0.000000,0.000000,0.000000
K18380,0.000000,0.000000,0.000000
K18381,0.000000,0.000000,0.000000
K18472,0.000000,0.000000,0.000000
K18473,0.000000,0.000000,0.000000
K18532,0.000000,0.087912,-0.087912
K18533,0.000000,0.065934,-0.065934
K18534,0.150000,0.175824,-0.025824
K18550,0.000000,0.000000,0.000000
K18649,0.000000,0.000000,0.000000
K18652,0.000000,0.000000,0.000000
K18653,0.000000,0.000000,0.000000
K18654,0.000000,0.000000,0.000000
K18686,0.000000,0.000000,0.000000
K18689,0.000000,0.000000,0.000000
K18690,0.000000,0.000000,0.000000
K18766,0.000000,0.000000,0.000000
K18768,0.000000,0.000000,0.000000
K18780,0.000000,0.000000,0.000000
K18781,0.000000,0.000000,0.000000
K18782,0.000000,0.000000,0.000000
K18793,0.000000,0.000000,0.000000
K18794,0.000000,0.000000,0.000000
K18800,0.000000,0.000000,0.000000
K18851,0.000000,0.000000,0.000000
K18856,0.000000,0.000000,0.000000
K18859,0.000000,0.000000,0.000000
K18860,0.000000,0.000000,0.000000
K18861,0.000000,0.000000,0.000000
K18866,0.000000,0.000000,0.000000
K18898,0.000000,0.000000,0.000000
K18899,0.000000,0.000000,0.000000
K18900,0.000000,0.000000,0.000000
K18901,0.000000,0.054945,-0.054945
K18902,0.000000,0.000000,0.000000
K18903,0.000000,0.076923,-0.076923
K18906,0.050000,0.021978,0.028022
K18907,0.000000,0.000000,0.000000
K18908,0.900000,0.373626,0.526374
K18909,0.550000,0.186813,0.363187
K18931,0.000000,0.000000,0.000000
K18933,0.000000,0.000000,0.000000
K18938,0.000000,0.000000,0.000000
K18970,0.000000,0.000000,0.000000
K18971,0.000000,0.000000,0.000000
K18972,0.000000,0.000000,0.000000
K18976,0.000000,0.000000,0.000000
K18978,0.000000,0.000000,0.000000
K19068,0.200000,0.109890,0.090110
K19077,0.000000,0.000000,0.000000
K19078,0.000000,0.000000,0.000000
K19079,0.000000,0.000000,0.000000
K19080,0.000000,0.000000,0.000000
K19099,0.000000,0.000000,0.000000
K19102,0.000000,0.000000,0.000000
K19103,0.000000,0.000000,0.000000
K19104,0.000000,0.000000,0.000000
K19105,0.000000,0.000000,0.000000
K19106,0.000000,0.000000,0.000000
K19185,0.000000,0.010989,-0.010989
K19186,0.000000,0.000000,0.000000
K19187,0.000000,0.000000,0.000000
K19188,0.000000,0.000000,0.000000
K19211,0.000000,0.000000,0.000000
K19216,0.000000,0.000000,0.000000
K19221,0.600000,0.703297,-0.103297
K19222,0.000000,0.604396,-0.604396
K19243,0.000000,0.000000,0.000000
K19268,0.200000,0.043956,0.156044
K19280,0.000000,0.000000,0.000000
K19281,0.000000,0.000000,0.000000
K19282,0.000000,0.000000,0.000000
K19298,0.000000,0.000000,0.000000
K19312,0.000000,0.000000,0.000000
K19316,0.000000,0.000000,0.000000
K19318,0.000000,0.000000,0.000000
K19319,0.000000,0.000000,0.000000
K19320,0.000000,0.000000,0.000000
K19321,0.000000,0.000000,0.000000
K19322,0.000000,0.000000,0.000000
K19412,0.000000,0.000000,0.000000
K19515,0.000000,0.000000,0.000000
K19516,0.000000,0.000000,0.000000
K19546,0.000000,0.000000,0.000000
K19547,0.100000,0.109890,-0.009890
K19548,0.100000,0.054945,0.045055
K19549,0.000000,0.000000,0.000000
K19550,0.000000,0.000000,0.000000
K19560,0.000000,0.000000,0.000000
K19561,0.000000,0.000000,0.000000
K19562,0.000000,0.000000,0.000000
K19563,0.000000,0.021978,-0.021978
K19572,0.000000,0.000000,0.000000
K19591,0.000000,0.362637,-0.362637
K19593,0.000000,0.000000,0.000000
K19594,0.000000,0.000000,0.000000
K19595,0.000000,0.021978,-0.021978
K19700,0.000000,0.010989,-0.010989
K19744,0.000000,0.000000,0.000000
K19746,0.000000,0.109890,-0.109890
K19793,0.000000,0.000000,0.000000
K19818,0.000000,0.000000,0.000000
K19819,0.000000,0.000000,0.000000
K19820,0.000000,0.000000,0.000000
K19826,0.000000,0.000000,0.000000
K19853,0.000000,0.000000,0.000000
K19854,0.000000,0.000000,0.000000
K19855,0.000000,0.000000,0.000000
K19856,0.100000,0.021978,0.078022
K19857,0.000000,0.000000,0.000000
K19890,0.000000,0.021978,-0.021978
K19965,0.000000,0.010989,-0.010989
K19969,0.000000,0.000000,0.000000
K19970,0.000000,0.000000,0.000000
K19974,0.000000,0.000000,0.000000
K19979,0.000000,0.000000,0.000000
K19981,0.000000,0.000000,0.000000
K19982,0.000000,0.000000,0.000000
K20075,0.000000,0.000000,0.000000
K20076,0.000000,0.000000,0.000000
K20077,0.000000,0.000000,0.000000
K20078,0.000000,0.000000,0.000000
K20079,0.000000,0.142857,-0.142857
K20080,0.000000,0.000000,0.000000
K20081,0.000000,0.000000,0.000000
K20082,0.100000,0.043956,0.056044
K20086,0.000000,0.000000,0.000000
K20087,0.000000,0.000000,0.000000
K20088,0.000000,0.000000,0.000000
K20089,0.000000,0.000000,0.000000
K20090,0.000000,0.000000,0.000000
K20155,0.000000,0.000000,0.000000
K20156,0.300000,0.186813,0.113187
K20158,0.000000,0.000000,0.000000
K20159,0.000000,0.000000,0.000000
K20169,0.000000,0.000000,0.000000
K20170,0.000000,0.000000,0.000000
K20171,0.000000,0.000000,0.000000
K20172,0.000000,0.000000,0.000000
K20204,0.000000,0.000000,0.000000
K20260,0.000000,0.000000,0.000000
K20261,0.000000,0.000000,0.000000
K20262,0.000000,0.000000,0.000000
K20420,0.000000,0.098901,-0.098901
K20421,0.000000,0.000000,0.000000
K20422,0.000000,0.000000,0.000000
K20423,0.000000,0.000000,0.000000
K20424,0.000000,0.000000,0.000000
K20425,0.000000,0.000000,0.000000
K20426,0.000000,0.000000,0.000000
K20427,0.000000,0.000000,0.000000
K20430,0.000000,0.000000,0.000000
K20431,0.000000,0.043956,-0.043956
K20432,0.000000,0.000000,0.000000
K20433,0.000000,0.000000,0.000000
K20434,0.000000,0.000000,0.000000
K20435,0.000000,0.000000,0.000000
K20436,0.000000,0.000000,0.000000
K20437,0.000000,0.087912,-0.087912
K20438,0.000000,0.000000,0.000000
K20457,0.000000,0.010989,-0.010989
K20810,0.000000,0.604396,-0.604396
K20812,0.000000,0.000000,0.000000
K20860,0.000000,0.000000,0.000000
K20861,0.000000,0.000000,0.000000
K20862,0.000000,0.340659,-0.340659
K20881,0.000000,0.000000,0.000000
K20884,0.000000,0.010989,-0.010989
K20932,0.050000,0.098901,-0.048901
K20933,0.000000,0.000000,0.000000
K20934,0.000000,0.000000,0.000000
K20935,0.000000,0.000000,0.000000
K20940,0.000000,0.010989,-0.010989
K20967,0.000000,0.000000,0.000000
K21056,0.000000,0.000000,0.000000
K21060,0.000000,0.000000,0.000000
K21061,0.050000,0.296703,-0.246703
K21062,0.000000,0.054945,-0.054945
K21063,0.000000,0.000000,0.000000
K21064,1.000000,0.967033,0.032967
K21071,1.000000,0.373626,0.626374
K21103,0.000000,0.000000,0.000000
K21142,0.000000,0.615385,-0.615385
K21160,0.000000,0.000000,0.000000
K21161,0.000000,0.000000,0.000000
K21162,0.250000,0.263736,-0.013736
K21163,0.000000,0.000000,0.000000
K21164,0.000000,0.318681,-0.318681
K21165,0.000000,0.000000,0.000000
K21166,0.000000,0.000000,0.000000
K21167,0.000000,0.000000,0.000000
K21175,0.000000,0.000000,0.000000
K21176,0.000000,0.000000,0.000000
K21177,0.000000,0.010989,-0.010989
K21178,0.000000,0.000000,0.000000
K21179,0.000000,0.000000,0.000000
K21181,0.000000,0.000000,0.000000
K21182,0.000000,0.000000,0.000000
K21183,0.000000,0.000000,0.000000
K21184,0.000000,0.010989,-0.010989
K21185,0.550000,0.527473,0.022527
K21188,0.000000,0.000000,0.000000
K21191,0.000000,0.000000,0.000000
K21192,0.000000,0.000000,0.000000
K21219,0.400000,0.087912,0.312088
K21220,0.000000,0.000000,0.000000
K21254,0.000000,0.000000,0.000000
K21255,0.000000,0.010989,-0.010989
K21256,0.000000,0.000000,0.000000
K21257,0.000000,0.000000,0.000000
K21258,0.000000,0.000000,0.000000
K21259,0.000000,0.000000,0.000000
K21260,0.000000,0.000000,0.000000
K21261,0.000000,0.000000,0.000000
K21262,0.000000,0.000000,0.000000
K21263,0.000000,0.000000,0.000000
K21277,0.000000,0.000000,0.000000
K21297,0.050000,0.021978,0.028022
K21301,0.000000,0.000000,0.000000
K21344,0.150000,0.076923,0.073077
K21345,0.000000,0.000000,0.000000
K21428,0.000000,0.000000,0.000000
K21456,0.000000,0.000000,0.000000
K21479,0.000000,0.054945,-0.054945
K21610,0.000000,0.000000,0.000000
K21611,0.000000,0.000000,0.000000
K21612,0.000000,0.000000,0.000000
K21721,0.000000,0.010989,-0.010989
K21722,0.000000,0.032967,-0.032967
K21723,0.000000,0.000000,0.000000
K21724,0.000000,0.000000,0.000000
K21778,0.000000,0.000000,0.000000
K21779,0.000000,0.000000,0.000000
K21780,0.000000,0.000000,0.000000
K21781,0.000000,0.000000,0.000000
K21782,0.000000,0.000000,0.000000
K21783,0.000000,0.000000,0.000000
K21784,0.000000,0.043956,-0.043956
K21785,0.000000,0.296703,-0.296703
K21786,0.000000,0.010989,-0.010989
K21787,0.000000,0.010989,-0.010989
K21791,0.000000,0.000000,0.000000
K21792,0.000000,0.021978,-0.021978
K21793,0.000000,0.010989,-0.010989
K21832,0.000000,0.032967,-0.032967
K21833,0.000000,0.000000,0.000000
K21834,0.000000,0.604396,-0.604396
K21898,1.000000,0.395604,0.604396
K21949,0.000000,0.000000,0.000000
K21977,0.000000,0.000000,0.000000
K22011,0.050000,0.010989,0.039011
K22012,0.000000,0.000000,0.000000
K22015,0.000000,0.000000,0.000000
K22099,0.000000,0.000000,0.000000
K22100,0.000000,0.000000,0.000000
K22113,0.000000,0.000000,0.000000
K22114,0.000000,0.000000,0.000000
K22116,0.150000,0.186813,-0.036813
K22225,0.000000,0.186813,-0.186813
K22226,1.000000,0.406593,0.593407
K22227,0.150000,0.296703,-0.146703
K22269,0.000000,0.000000,0.000000
K22283,0.000000,0.000000,0.000000
K22284,0.000000,0.000000,0.000000
K22305,0.900000,0.505495,0.394505
K22316,0.050000,0.263736,-0.213736
K22346,0.000000,0.000000,0.000000
K22391,0.500000,0.890110,-0.390110
K22451,0.300000,0.340659,-0.040659
K22477,0.050000,0.076923,-0.026923
K22478,0.000000,0.000000,0.000000
K22480,0.100000,0.021978,0.078022
K22481,0.000000,0.000000,0.000000
K22482,0.000000,0.000000,0.000000
K22501,0.000000,0.000000,0.000000
K22516,0.050000,0.252747,-0.202747
K22549,0.850000,0.329670,0.520330
K22550,0.650000,0.263736,0.386264
K22568,0.000000,0.000000,0.000000
K22598,0.000000,0.010989,-0.010989
K22622,0.000000,0.395604,-0.395604
K22699,0.300000,0.153846,0.146154
K22813,0.000000,0.000000,0.000000
K22850,0.000000,0.000000,0.000000
K22851,0.000000,0.000000,0.000000
K22852,0.000000,0.000000,0.000000
K22853,0.000000,0.000000,0.000000
K22854,0.000000,0.000000,0.000000
K22879,0.000000,0.010989,-0.010989
K22896,0.000000,0.000000,0.000000
K22897,0.000000,0.000000,0.000000
K22898,0.000000,0.000000,0.000000
K22899,0.000000,0.000000,0.000000
K22906,0.000000,0.000000,0.000000
K22912,0.000000,0.000000,0.000000
K22914,0.000000,0.000000,0.000000
K22915,0.000000,0.000000,0.000000
K22916,0.000000,0.000000,0.000000
K22917,0.000000,0.000000,0.000000
K22918,0.000000,0.120879,-0.120879
K22921,0.000000,0.000000,0.000000
K22922,0.000000,0.000000,0.000000
K22923,0.000000,0.000000,0.000000
K22924,0.000000,0.000000,0.000000
K22925,0.000000,0.000000,0.000000
K22926,0.000000,0.000000,0.000000
K22944,0.000000,0.000000,0.000000
K22949,0.000000,0.000000,0.000000
K22976,0.000000,0.000000,0.000000
K22977,0.000000,0.000000,0.000000
K22980,0.000000,0.000000,0.000000
K22981,0.000000,0.000000,0.000000
K22997,0.000000,0.208791,-0.208791
K22998,0.000000,0.000000,0.000000
K23082,0.000000,0.000000,0.000000
K23083,0.000000,0.000000,0.000000
K23094,0.000000,0.000000,0.000000
K23095,0.000000,0.000000,0.000000
K23120,0.000000,0.000000,0.000000
K23122,0.000000,0.000000,0.000000
K23144,0.200000,0.252747,-0.052747
K23159,0.000000,0.000000,0.000000
K23163,0.000000,0.032967,-0.032967
K23234,0.000000,0.000000,0.000000
K23264,0.700000,0.824176,-0.124176
K23265,0.750000,0.945055,-0.195055
K23269,0.750000,0.945055,-0.195055
K23270,0.000000,0.000000,0.000000
K23304,0.000000,0.000000,0.000000
K23371,0.000000,0.000000,0.000000
K23372,0.000000,0.000000,0.000000
K23373,0.000000,0.000000,0.000000
K23374,0.000000,0.000000,0.000000
K23375,0.000000,0.000000,0.000000
K23446,0.000000,0.000000,0.000000
K23447,0.000000,0.000000,0.000000
K23669,0.000000,0.000000,0.000000
K23670,0.000000,0.000000,0.000000
K23671,0.000000,0.000000,0.000000
K23672,0.000000,0.010989,-0.010989
K23673,0.000000,0.000000,0.000000
K23734,0.850000,0.230769,0.619231
K23735,0.000000,0.000000,0.000000
K23977,0.000000,0.000000,0.000000
K23987,0.000000,0.000000,0.000000
K23995,0.000000,0.032967,-0.032967
K24017,0.000000,0.285714,-0.285714
K24018,0.100000,0.021978,0.078022
K24042,0.350000,0.109890,0.240110
K24182,0.000000,0.000000,0.000000
K24257,0.000000,0.000000,0.000000
K24258,0.200000,0.065934,0.134066
K24563,0.000000,0.000000,0.000000
K24564,0.000000,0.000000,0.000000
K24567,0.000000,0.000000,0.000000
K24568,0.000000,0.000000,0.000000
K24569,0.000000,0.000000,0.000000
K24866,0.050000,0.516484,-0.466484
K25007,0.000000,0.000000,0.000000
K25008,0.000000,0.000000,0.000000
K25026,1.000000,0.989011,0.010989
K25033,0.000000,0.142857,-0.142857
K25123,0.000000,0.010989,-0.010989
K25124,0.000000,0.000000,0.000000
K25316,0.150000,0.109890,0.040110
K25317,0.000000,0.000000,0.000000
K25517,0.000000,0.054945,-0.054945
K25518,0.000000,0.000000,0.000000
K25528,0.000000,0.274725,-0.274725
K25570,0.000000,0.000000,0.000000
K25774,0.000000,0.000000,0.000000
K25801,0.000000,0.000000,0.000000
K25824,0.000000,0.000000,0.000000
K25960,0.000000,0.000000,0.000000
K25961,0.000000,0.000000,0.000000
K25986,0.000000,0.000000,0.000000
K26061,0.000000,0.010989,-0.010989
K26062,0.000000,0.000000,0.000000
K26063,0.000000,0.010989,-0.010989
K26064,0.000000,0.000000,0.000000
K26065,0.000000,0.000000,0.000000
K26069,0.000000,0.000000,0.000000
K26070,0.000000,0.000000,0.000000
K26071,0.000000,0.000000,0.000000
K26138,0.000000,0.000000,0.000000
K26139,0.050000,0.010989,0.039011
K26175,0.000000,0.000000,0.000000
K26176,0.150000,0.120879,0.029121
K26178,0.050000,0.098901,-0.048901
K26208,0.200000,0.439560,-0.239560
K26210,0.000000,0.010989,-0.010989
K26211,0.000000,0.000000,0.000000
K26212,0.400000,0.131868,0.268132
