tool,organism,removal_pct,frac_mean,frac_sd,cnt_mean,cnt_sd,n_stable
BLIMMP,MED4,0,1.0,0.0,97.0,0.0,97
BLIMMP,MED4,10,0.9725085910652921,0.011904129261641725,94.33333333333333,1.1547005383792526,97
BLIMMP,MED4,20,0.9312714776632302,0.021460474221300287,90.33333333333333,2.0816659994661335,97
BLIMMP,MED4,30,0.9106529209621993,0.025944448231170984,88.33333333333333,2.516611478423585,97
BLIMMP,MED4,40,0.8934707903780068,0.02146047422130034,86.66666666666667,2.081665999466131,97
BLIMMP,MED4,50,0.8934707903780068,0.02146047422130028,86.66666666666667,2.081665999466134,97
BLIMMP,MED4,60,0.8591065292096219,0.01574768280053559,83.33333333333333,1.5275252316519452,97
BLIMMP,MED4,70,0.8419243986254296,0.04648711085384426,81.66666666666667,4.5092497528228925,97
BLIMMP,MED4,80,0.8384879725085911,0.021460474221300378,81.33333333333333,2.081665999466134,97
BLIMMP,MED4,90,0.852233676975945,0.0059520646308208625,82.66666666666667,0.5773502691896247,97
BLIMMP,MED4,100,0.0,0.0,0.0,0.0,97
BLIMMP,MIT9313,0,1.0,0.0,102.0,0.0,102
BLIMMP,MIT9313,10,0.9281045751633986,0.014975737565215187,94.66666666666667,1.5275252316519485,102
BLIMMP,MIT9313,20,0.9281045751633986,0.014975737565215138,94.66666666666667,1.5275252316519463,102
BLIMMP,MIT9313,30,0.9313725490196078,0.009803921568627444,95.0,1.0,102
BLIMMP,MIT9313,40,0.8986928104575164,0.011320593513522034,91.66666666666667,1.1547005383792495,102
BLIMMP,MIT9313,50,0.8725490196078431,0.025938738343770508,89.0,2.6457513110645907,102
BLIMMP,MIT9313,60,0.823529411764706,0.01698089027028313,84.0,1.7320508075688772,102
BLIMMP,MIT9313,70,0.8398692810457516,0.02264118702704413,85.66666666666667,2.309401076758502,102
BLIMMP,MIT9313,80,0.8464052287581699,0.020408490190844494,86.33333333333333,2.081665999466131,102
BLIMMP,MIT9313,90,0.8594771241830066,0.005660296756761097,87.66666666666667,0.5773502691896278,102
BLIMMP,MIT9313,100,0.0,0.0,0.0,0.0,102
BLIMMP,Pseudomonas_fluorescens_SBW25,0,1.0,0.0,146.0,0.0,146
BLIMMP,Pseudomonas_fluorescens_SBW25,10,0.9246575342465754,0.03624316864472041,135.0,5.291502622129181,146
BLIMMP,Pseudomonas_fluorescens_SBW25,20,0.9223744292237442,0.030885272279608876,134.66666666666666,4.509249752822894,146
BLIMMP,Pseudomonas_fluorescens_SBW25,30,0.9337899543378995,0.024054004001946846,136.33333333333334,3.5118845842842425,146
BLIMMP,Pseudomonas_fluorescens_SBW25,40,0.9200913242009131,0.025931088336987526,134.33333333333334,3.7859388972001797,146
BLIMMP,Pseudomonas_fluorescens_SBW25,50,0.9086757990867579,0.022017467490851508,132.66666666666666,3.214550253664321,146
BLIMMP,Pseudomonas_fluorescens_SBW25,60,0.8835616438356165,0.006849315068493178,129.0,1.0,146
BLIMMP,Pseudomonas_fluorescens_SBW25,70,0.858447488584475,0.0172370649207094,125.33333333333333,2.516611478423585,146
BLIMMP,Pseudomonas_fluorescens_SBW25,80,0.8424657534246576,0.029855472216031992,123.0,4.358898943540674,146
BLIMMP,Pseudomonas_fluorescens_SBW25,90,0.7968036529680366,0.022017467490851463,116.33333333333333,3.2145502536643176,146
BLIMMP,Pseudomonas_fluorescens_SBW25,100,0.0,0.0,0.0,0.0,146
BLIMMP,SS120,0,1.0,0.0,96.0,0.0,96
BLIMMP,SS120,10,0.9652777777777777,0.01591172116304117,92.66666666666667,1.5275252316519452,96
BLIMMP,SS120,20,0.9375,0.01041666666666663,90.0,1.0,96
BLIMMP,SS120,30,0.9097222222222222,0.00601406530405858,87.33333333333333,0.5773502691896278,96
BLIMMP,SS120,40,0.8888888888888888,0.03182344232608224,85.33333333333333,3.0550504633038935,96
BLIMMP,SS120,50,0.8854166666666666,0.018042195912175797,85.0,1.7320508075688772,96
BLIMMP,SS120,60,0.8229166666666666,0.010416666666666727,79.0,1.0,96
BLIMMP,SS120,70,0.8506944444444443,0.006014065304058565,81.66666666666667,0.5773502691896247,96
BLIMMP,SS120,80,0.8402777777777778,0.042098457128410254,80.66666666666667,4.041451884327382,96
BLIMMP,SS120,90,0.8472222222222222,0.00601406530405858,81.33333333333333,0.5773502691896278,96
BLIMMP,SS120,100,0.0,0.0,0.0,0.0,96
BLIMMP_nosub,MED4,0,1.0,0.0,93.0,0.0,93
BLIMMP_nosub,MED4,10,0.974910394265233,0.006208067410641139,90.66666666666667,0.5773502691896247,93
BLIMMP_nosub,MED4,20,0.935483870967742,0.028448938828651512,87.0,2.6457513110645907,93
BLIMMP_nosub,MED4,30,0.910394265232975,0.03776219983101341,84.66666666666667,3.5118845842842448,93
BLIMMP_nosub,MED4,40,0.8960573476702508,0.016425002490881118,83.33333333333333,1.5275252316519485,93
BLIMMP_nosub,MED4,50,0.8960573476702508,0.022383505370603574,83.33333333333333,2.081665999466131,93
BLIMMP_nosub,MED4,60,0.8637992831541218,0.022383505370603574,80.33333333333333,2.081665999466131,93
BLIMMP_nosub,MED4,70,0.8530465949820788,0.04345647187448799,79.33333333333333,4.041451884327382,93
BLIMMP_nosub,MED4,80,0.8602150537634409,0.021505376344086002,80.0,2.0,93
BLIMMP_nosub,MED4,90,0.8673835125448028,0.006208067410641139,80.66666666666667,0.5773502691896247,93
BLIMMP_nosub,MED4,100,0.0,0.0,0.0,0.0,93
BLIMMP_nosub,MIT9313,0,1.0,0.0,98.0,0.0,98
BLIMMP_nosub,MIT9313,10,0.935374149659864,0.015586992159713783,91.66666666666667,1.5275252316519485,98
BLIMMP_nosub,MIT9313,20,0.935374149659864,0.031173984319427476,91.66666666666667,3.0550504633038935,98
BLIMMP_nosub,MIT9313,30,0.9285714285714285,0.010204081632653073,91.0,1.0,98
BLIMMP_nosub,MIT9313,40,0.901360544217687,0.021241489790470757,88.33333333333333,2.081665999466134,98
BLIMMP_nosub,MIT9313,50,0.8775510204081632,0.03534797566467098,86.0,3.4641016151377544,98
BLIMMP_nosub,MIT9313,60,0.8435374149659864,0.02356531710978059,82.66666666666667,2.309401076758505,98
BLIMMP_nosub,MIT9313,70,0.8469387755102041,0.017673987832335446,83.0,1.7320508075688772,98
BLIMMP_nosub,MIT9313,80,0.8605442176870749,0.015586992159713698,84.33333333333333,1.5275252316519452,98
BLIMMP_nosub,MIT9313,90,0.8673469387755102,0.010204081632653045,85.0,1.0,98
BLIMMP_nosub,MIT9313,100,0.0,0.0,0.0,0.0,98
BLIMMP_nosub,Pseudomonas_fluorescens_SBW25,0,1.0,0.0,142.0,0.0,142
BLIMMP_nosub,Pseudomonas_fluorescens_SBW25,10,0.9295774647887324,0.04397885914365069,132.0,6.244997998398398,142
BLIMMP_nosub,Pseudomonas_fluorescens_SBW25,20,0.9295774647887324,0.02539120616523933,132.0,3.605551275463989,142
BLIMMP_nosub,Pseudomonas_fluorescens_SBW25,30,0.943661971830986,0.028169014084507074,134.0,4.0,142
BLIMMP_nosub,Pseudomonas_fluorescens_SBW25,40,0.92018779342723,0.022637677842706448,130.66666666666666,3.214550253664321,142
BLIMMP_nosub,Pseudomonas_fluorescens_SBW25,50,0.9084507042253521,0.028169014084507005,129.0,4.0,142
BLIMMP_nosub,Pseudomonas_fluorescens_SBW25,60,0.8826291079812206,0.01626338786449651,125.33333333333333,2.309401076758502,142
BLIMMP_nosub,Pseudomonas_fluorescens_SBW25,70,0.8591549295774649,0.01863205148637041,122.0,2.6457513110645907,142
BLIMMP_nosub,Pseudomonas_fluorescens_SBW25,80,0.852112676056338,0.032271659823632684,121.0,4.58257569495584,142
BLIMMP_nosub,Pseudomonas_fluorescens_SBW25,90,0.8098591549295775,0.01863205148637033,115.0,2.6457513110645907,142
BLIMMP_nosub,Pseudomonas_fluorescens_SBW25,100,0.0,0.0,0.0,0.0,142
BLIMMP_nosub,SS120,0,1.0,0.0,92.0,0.0,92
BLIMMP_nosub,SS120,10,0.9637681159420289,0.016603535126651553,88.66666666666667,1.5275252316519452,92
BLIMMP_nosub,SS120,20,0.9420289855072465,0.016603535126651626,86.66666666666667,1.5275252316519463,92
BLIMMP_nosub,SS120,30,0.9166666666666666,0.01660353512665164,84.33333333333333,1.5275252316519485,92
BLIMMP_nosub,SS120,40,0.8949275362318841,0.022626804342023178,82.33333333333333,2.0816659994661335,92
BLIMMP_nosub,SS120,50,0.8985507246376812,0.01255109280847011,82.66666666666667,1.1547005383792526,92
BLIMMP_nosub,SS120,60,0.8369565217391305,0.018826639212705193,77.0,1.7320508075688772,92
BLIMMP_nosub,SS120,70,0.8623188405797101,0.012551092808470101,79.33333333333333,1.1547005383792495,92
BLIMMP_nosub,SS120,80,0.8478260869565218,0.028758166424615116,78.0,2.6457513110645907,92
BLIMMP_nosub,SS120,90,0.8695652173913043,0.0,80.0,0.0,92
BLIMMP_nosub,SS120,100,0.8913043478260869,0.0,82.0,0.0,92
BLIMMP_prior,MED4,0,1.0,0.0,80.0,0.0,80
BLIMMP_prior,MED4,10,0.8833333333333333,0.04389855730355307,70.66666666666667,3.5118845842842483,80
BLIMMP_prior,MED4,20,0.8208333333333333,0.026020824993326648,65.66666666666667,2.0816659994661335,80
BLIMMP_prior,MED4,30,0.7708333333333334,0.05773502691896256,61.666666666666664,4.618802153517007,80
BLIMMP_prior,MED4,40,0.8083333333333332,0.04018187817080403,64.66666666666667,3.2145502536643202,80
BLIMMP_prior,MED4,50,0.7666666666666666,0.0314576434802948,61.333333333333336,2.5166114784235836,80
BLIMMP_prior,MED4,60,0.7541666666666668,0.01909406539564934,60.333333333333336,1.5275252316519456,80
BLIMMP_prior,MED4,70,0.75,0.03307189138830734,60.0,2.6457513110645907,80
BLIMMP_prior,MED4,80,0.7541666666666668,0.019094065395649305,60.333333333333336,1.5275252316519468,80
BLIMMP_prior,MED4,90,0.775,0.021650635094611,62.0,1.7320508075688772,80
BLIMMP_prior,MED4,100,0.0,0.0,0.0,0.0,80
BLIMMP_prior,MIT9313,0,1.0,0.0,77.0,0.0,77
BLIMMP_prior,MIT9313,10,0.8961038961038961,0.03436040663720248,69.0,2.6457513110645907,77
BLIMMP_prior,MIT9313,20,0.8528138528138527,0.01499611088804224,65.66666666666667,1.1547005383792526,77
BLIMMP_prior,MIT9313,30,0.8701298701298702,0.012987012987012991,67.0,1.0,77
BLIMMP_prior,MIT9313,40,0.8311688311688311,0.025974025974025913,64.0,2.0,77
BLIMMP_prior,MIT9313,50,0.8051948051948052,0.02249416633206335,62.0,1.7320508075688772,77
BLIMMP_prior,MIT9313,60,0.8051948051948052,0.05194805194805195,62.0,4.0,77
BLIMMP_prior,MIT9313,70,0.787878787878788,0.03749027722010557,60.666666666666664,2.88675134594813,77
BLIMMP_prior,MIT9313,80,0.787878787878788,0.02703462336968999,60.666666666666664,2.081665999466132,77
BLIMMP_prior,MIT9313,90,0.8398268398268399,0.007498055444021052,64.66666666666667,0.5773502691896278,77
BLIMMP_prior,MIT9313,100,0.0,0.0,0.0,0.0,77
BLIMMP_prior,Pseudomonas_fluorescens_SBW25,0,1.0,0.0,133.0,0.0,133
BLIMMP_prior,Pseudomonas_fluorescens_SBW25,10,0.8897243107769423,0.05643273307868526,118.33333333333333,7.505553499465134,133
BLIMMP_prior,Pseudomonas_fluorescens_SBW25,20,0.8646616541353384,0.04573505661878363,115.0,6.082762530298219,133
BLIMMP_prior,Pseudomonas_fluorescens_SBW25,30,0.8320802005012532,0.02416955077943091,110.66666666666667,3.2145502536643176,133
BLIMMP_prior,Pseudomonas_fluorescens_SBW25,40,0.8270676691729323,0.039785734000971296,110.0,5.291502622129181,133
BLIMMP_prior,Pseudomonas_fluorescens_SBW25,50,0.8395989974937343,0.01565162405613633,111.66666666666667,2.0816659994661335,133
BLIMMP_prior,Pseudomonas_fluorescens_SBW25,60,0.7919799498746868,0.018921890815214868,105.33333333333333,2.516611478423582,133
BLIMMP_prior,Pseudomonas_fluorescens_SBW25,70,0.7644110275689222,0.030386856273138158,101.66666666666667,4.04145188432738,133
BLIMMP_prior,Pseudomonas_fluorescens_SBW25,80,0.7844611528822055,0.02297030423536762,104.33333333333333,3.0550504633038913,133
BLIMMP_prior,Pseudomonas_fluorescens_SBW25,90,0.7543859649122807,0.03130324811227266,100.33333333333333,4.163331998932264,133
BLIMMP_prior,Pseudomonas_fluorescens_SBW25,100,0.0,0.0,0.0,0.0,133
BLIMMP_prior,SS120,0,1.0,0.0,73.0,0.0,73
BLIMMP_prior,SS120,10,0.8949771689497718,0.034474129841418906,65.33333333333333,2.516611478423582,73
BLIMMP_prior,SS120,20,0.8127853881278538,0.03954453898559082,59.333333333333336,2.88675134594813,73
BLIMMP_prior,SS120,30,0.8447488584474886,0.020925003173314353,61.666666666666664,1.5275252316519474,73
BLIMMP_prior,SS120,40,0.8447488584474886,0.02851597259542645,61.666666666666664,2.0816659994661335,73
BLIMMP_prior,SS120,50,0.8264840182648401,0.04403493498170302,60.333333333333336,3.214550253664319,73
BLIMMP_prior,SS120,60,0.8036529680365296,0.02092500317331426,58.666666666666664,1.5275252316519474,73
BLIMMP_prior,SS120,70,0.8127853881278538,0.007908907797118137,59.333333333333336,0.5773502691896263,73
BLIMMP_prior,SS120,80,0.8082191780821918,0.041095890410958916,59.0,3.0,73
BLIMMP_prior,SS120,90,0.8310502283105022,0.015817815594236322,60.666666666666664,1.1547005383792526,73
BLIMMP_prior,SS120,100,0.9041095890410958,0.0,66.0,0.0,73
DRAM,MED4,0,1.0,0.0,16.0,0.0,16
DRAM,MED4,10,0.875,0.0625,14.0,1.0,16
DRAM,MED4,20,0.5625,0.0625,9.0,1.0,16
DRAM,MED4,30,0.3125,0.16535945694153692,5.0,2.6457513110645907,16
DRAM,MED4,40,0.20833333333333334,0.09547032697824666,3.3333333333333335,1.5275252316519465,16
DRAM,MED4,50,0.20833333333333334,0.07216878364870322,3.3333333333333335,1.1547005383792515,16
DRAM,MED4,60,0.041666666666666664,0.036084391824351615,0.6666666666666666,0.5773502691896258,16
DRAM,MED4,70,0.020833333333333332,0.036084391824351615,0.3333333333333333,0.5773502691896258,16
DRAM,MED4,80,0.0,0.0,0.0,0.0,16
DRAM,MED4,90,0.020833333333333332,0.036084391824351615,0.3333333333333333,0.5773502691896258,16
DRAM,MED4,100,0.0,0.0,0.0,0.0,16
DRAM,MIT9313,0,1.0,0.0,19.0,0.0,19
DRAM,MIT9313,10,0.8421052631578947,0.052631578947368446,16.0,1.0,19
DRAM,MIT9313,20,0.5263157894736842,0.05263157894736846,10.0,1.0,19
DRAM,MIT9313,30,0.3859649122807018,0.16079212964757333,7.333333333333333,3.0550504633038935,19
DRAM,MIT9313,40,0.15789473684210525,0.05263157894736842,3.0,1.0,19
DRAM,MIT9313,50,0.10526315789473684,0.05263157894736842,2.0,1.0,19
DRAM,MIT9313,60,0.12280701754385964,0.10956136839295434,2.3333333333333335,2.0816659994661326,19
DRAM,MIT9313,70,0.03508771929824561,0.030386856273138196,0.6666666666666666,0.5773502691896258,19
DRAM,MIT9313,80,0.0,0.0,0.0,0.0,19
DRAM,MIT9313,90,0.0,0.0,0.0,0.0,19
DRAM,MIT9313,100,0.0,0.0,0.0,0.0,19
DRAM,Pseudomonas_fluorescens_SBW25,0,1.0,0.0,44.0,0.0,44
DRAM,Pseudomonas_fluorescens_SBW25,10,0.75,0.039364791081110816,33.0,1.7320508075688772,44
DRAM,Pseudomonas_fluorescens_SBW25,20,0.5606060606060607,0.013121597027037017,24.666666666666668,0.5773502691896263,44
DRAM,Pseudomonas_fluorescens_SBW25,30,0.3181818181818182,0.06013071161510433,14.0,2.6457513110645907,44
DRAM,Pseudomonas_fluorescens_SBW25,40,0.21212121212121213,0.0730579603105527,9.333333333333334,3.2145502536643185,44
DRAM,Pseudomonas_fluorescens_SBW25,50,0.08333333333333333,0.013121597027036955,3.6666666666666665,0.5773502691896258,44
DRAM,Pseudomonas_fluorescens_SBW25,60,0.07575757575757576,0.05719571541871779,3.3333333333333335,2.516611478423583,44
DRAM,Pseudomonas_fluorescens_SBW25,70,0.03787878787878788,0.03471648253754424,1.6666666666666667,1.5275252316519465,44
DRAM,Pseudomonas_fluorescens_SBW25,80,0.015151515151515152,0.01312159702703695,0.6666666666666666,0.5773502691896258,44
DRAM,Pseudomonas_fluorescens_SBW25,90,0.0,0.0,0.0,0.0,44
DRAM,Pseudomonas_fluorescens_SBW25,100,0.0,0.0,0.0,0.0,44
KEMET,MED4,0,1.0,0.0,17.0,0.0,17
KEMET,MED4,10,0.9215686274509803,0.033961780540566235,15.666666666666666,0.5773502691896258,17
KEMET,MED4,20,0.5490196078431372,0.089854425391291,9.333333333333334,1.5275252316519468,17
KEMET,MED4,30,0.3333333333333333,0.17970885078258197,5.666666666666667,3.055050463303893,17
KEMET,MED4,40,0.11764705882352942,0.20377068324339734,2.0,3.4641016151377544,17
KEMET,MED4,50,0.19607843137254902,0.06792356108113244,3.3333333333333335,1.1547005383792515,17
KEMET,MED4,60,0.0,0.0,0.0,0.0,17
KEMET,MED4,70,0.0196078431372549,0.03396178054056622,0.3333333333333333,0.5773502691896258,17
KEMET,MED4,80,0.0,0.0,0.0,0.0,17
KEMET,MED4,90,0.0196078431372549,0.03396178054056622,0.3333333333333333,0.5773502691896258,17
KEMET,MED4,100,0.0,0.0,0.0,0.0,17
KEMET,Pseudomonas_fluorescens_SBW25,0,1.0,0.0,45.0,0.0,45
KEMET,Pseudomonas_fluorescens_SBW25,10,0.7703703703703703,0.05592469952052405,34.666666666666664,2.5166114784235822,45
KEMET,Pseudomonas_fluorescens_SBW25,20,0.6074074074074074,0.025660011963983403,27.333333333333332,1.154700538379251,45
KEMET,Pseudomonas_fluorescens_SBW25,30,0.35555555555555557,0.05879447357921314,16.0,2.6457513110645907,45
KEMET,Pseudomonas_fluorescens_SBW25,40,0.23703703703703702,0.046259244432580705,10.666666666666666,2.0816659994661326,45
KEMET,Pseudomonas_fluorescens_SBW25,50,0.17037037037037037,0.08981004187394179,7.666666666666667,4.041451884327381,45
KEMET,Pseudomonas_fluorescens_SBW25,60,0.1037037037037037,0.03394500514782104,4.666666666666667,1.5275252316519465,45
KEMET,Pseudomonas_fluorescens_SBW25,70,0.08148148148148147,0.03394500514782104,3.6666666666666665,1.5275252316519465,45
KEMET,Pseudomonas_fluorescens_SBW25,80,0.022222222222222223,0.022222222222222223,1.0,1.0,45
KEMET,Pseudomonas_fluorescens_SBW25,90,0.0,0.0,0.0,0.0,45
KEMET,Pseudomonas_fluorescens_SBW25,100,0.0,0.0,0.0,0.0,45
KEMET,SS120,0,1.0,0.0,19.0,0.0,19
KEMET,SS120,10,0.8596491228070176,0.03038685627313821,16.333333333333332,0.5773502691896263,19
KEMET,SS120,20,0.40350877192982454,0.13245323570650439,7.666666666666667,2.516611478423583,19
KEMET,SS120,30,0.2982456140350877,0.06077371254627639,5.666666666666667,1.1547005383792515,19
KEMET,SS120,40,0.15789473684210525,0.05263157894736842,3.0,1.0,19
KEMET,SS120,50,0.15789473684210525,0.09116056881941459,3.0,1.7320508075688772,19
KEMET,SS120,60,0.05263157894736842,0.05263157894736842,1.0,1.0,19
KEMET,SS120,70,0.05263157894736842,0.05263157894736842,1.0,1.0,19
KEMET,SS120,80,0.03508771929824561,0.06077371254627639,0.6666666666666666,1.1547005383792517,19
KEMET,SS120,90,0.0,0.0,0.0,0.0,19
KEMET,SS120,100,0.0,0.0,0.0,0.0,19
METABOLIC,MED4,0,1.0,0.0,19.0,0.0,19
METABOLIC,MED4,10,0.8421052631578947,0.09116056881941458,16.0,1.7320508075688772,19
METABOLIC,MED4,20,0.5614035087719298,0.06077371254627642,10.666666666666666,1.1547005383792515,19
METABOLIC,MED4,30,0.2807017543859649,0.12154742509255279,5.333333333333333,2.3094010767585034,19
METABOLIC,MED4,40,0.21052631578947367,0.09116056881941459,4.0,1.7320508075688772,19
METABOLIC,MED4,50,0.22807017543859645,0.08039606482378667,4.333333333333333,1.5275252316519465,19
METABOLIC,MED4,60,0.05263157894736842,0.0,1.0,0.0,19
METABOLIC,MED4,70,0.03508771929824561,0.030386856273138196,0.6666666666666666,0.5773502691896258,19
METABOLIC,MED4,80,0.0,0.0,0.0,0.0,19
METABOLIC,MED4,90,0.017543859649122806,0.030386856273138196,0.3333333333333333,0.5773502691896258,19
METABOLIC,MED4,100,0.0,0.0,0.0,0.0,19
METABOLIC,MIT9313,0,1.0,0.0,21.0,0.0,21
METABOLIC,MIT9313,10,0.8253968253968255,0.07273929674533083,17.333333333333332,1.5275252316519465,21
METABOLIC,MIT9313,20,0.5079365079365079,0.027492869961410763,10.666666666666666,0.5773502691896255,21
METABOLIC,MIT9313,30,0.3968253968253968,0.14547859349066158,8.333333333333334,3.055050463303893,21
METABOLIC,MIT9313,40,0.15873015873015872,0.0549857399228215,3.3333333333333335,1.1547005383792517,21
METABOLIC,MIT9313,50,0.09523809523809523,0.047619047619047616,2.0,1.0,21
METABOLIC,MIT9313,60,0.1111111111111111,0.09912695235553012,2.3333333333333335,2.0816659994661326,21
METABOLIC,MIT9313,70,0.031746031746031744,0.02749286996141075,0.6666666666666666,0.5773502691896258,21
METABOLIC,MIT9313,80,0.0,0.0,0.0,0.0,21
METABOLIC,MIT9313,90,0.0,0.0,0.0,0.0,21
METABOLIC,MIT9313,100,0.0,0.0,0.0,0.0,21
METABOLIC,Pseudomonas_fluorescens_SBW25,0,1.0,0.0,46.0,0.0,46
METABOLIC,Pseudomonas_fluorescens_SBW25,10,0.7753623188405797,0.07634531704965754,35.666666666666664,3.511884584284245,46
METABOLIC,Pseudomonas_fluorescens_SBW25,20,0.5869565217391305,0.021739130434782594,27.0,1.0,46
METABOLIC,Pseudomonas_fluorescens_SBW25,30,0.3405797101449275,0.050204371233880475,15.666666666666666,2.3094010767585034,46
METABOLIC,Pseudomonas_fluorescens_SBW25,40,0.23913043478260873,0.05751633284923023,11.0,2.6457513110645907,46
METABOLIC,Pseudomonas_fluorescens_SBW25,50,0.06521739130434782,0.02173913043478261,3.0,1.0,46
METABOLIC,Pseudomonas_fluorescens_SBW25,60,0.07246376811594203,0.03320707025330319,3.3333333333333335,1.5275252316519468,46
METABOLIC,Pseudomonas_fluorescens_SBW25,70,0.036231884057971016,0.03320707025330318,1.6666666666666667,1.5275252316519465,46
METABOLIC,Pseudomonas_fluorescens_SBW25,80,0.007246376811594203,0.012551092808470124,0.3333333333333333,0.5773502691896258,46
METABOLIC,Pseudomonas_fluorescens_SBW25,90,0.0,0.0,0.0,0.0,46
METABOLIC,Pseudomonas_fluorescens_SBW25,100,0.0,0.0,0.0,0.0,46
METABOLIC,SS120,0,1.0,0.0,19.0,0.0,19
METABOLIC,SS120,10,0.9298245614035087,0.030386856273138158,17.666666666666668,0.5773502691896255,19
METABOLIC,SS120,20,0.40350877192982454,0.13245323570650439,7.666666666666667,2.516611478423583,19
METABOLIC,SS120,30,0.3157894736842105,0.0,6.0,0.0,19
METABOLIC,SS120,40,0.1929824561403509,0.08039606482378667,3.6666666666666665,1.5275252316519468,19
METABOLIC,SS120,50,0.14035087719298245,0.12154742509255279,2.6666666666666665,2.3094010767585034,19
METABOLIC,SS120,60,0.08771929824561403,0.030386856273138196,1.6666666666666667,0.5773502691896257,19
METABOLIC,SS120,70,0.03508771929824561,0.06077371254627639,0.6666666666666666,1.1547005383792517,19
METABOLIC,SS120,80,0.03508771929824561,0.06077371254627639,0.6666666666666666,1.1547005383792517,19
METABOLIC,SS120,90,0.0,0.0,0.0,0.0,19
METABOLIC,SS120,100,0.0,0.0,0.0,0.0,19
MetaPathPredict,MED4,0,1.0,0.0,29.0,0.0,29
MetaPathPredict,MED4,10,1.0,0.0,29.0,0.0,29
MetaPathPredict,MED4,20,1.0,0.0,29.0,0.0,29
MetaPathPredict,MED4,30,1.0,0.0,29.0,0.0,29
MetaPathPredict,MED4,40,1.0,0.0,29.0,0.0,29
MetaPathPredict,MED4,50,1.0,0.0,29.0,0.0,29
MetaPathPredict,MED4,60,0.9080459770114943,0.07963451988822429,26.333333333333332,2.309401076758503,29
MetaPathPredict,MED4,70,1.0,0.0,29.0,0.0,29
MetaPathPredict,MED4,80,1.0,0.0,29.0,0.0,29
MetaPathPredict,MED4,90,1.0,0.0,29.0,0.0,29
MetaPathPredict,MED4,100,0.034482758620689655,0.0,1.0,0.0,29
MetaPathPredict,MIT9313,0,0.9714285714285714,0.04948716593053935,34.0,1.7320508075688772,35
MetaPathPredict,MIT9313,10,0.9333333333333332,0.016495721976846473,32.666666666666664,0.5773502691896247,35
MetaPathPredict,MIT9313,20,0.638095238095238,0.5542660772171986,22.333333333333332,19.39931270260195,35
MetaPathPredict,MIT9313,30,0.9428571428571427,0.04948716593053934,33.0,1.7320508075688772,35
MetaPathPredict,MIT9313,40,0.9238095238095237,0.016495721976846473,32.333333333333336,0.5773502691896247,35
MetaPathPredict,MIT9313,50,0.9142857142857143,0.02857142857142858,32.0,1.0,35
MetaPathPredict,MIT9313,60,0.8761904761904762,0.043643578047198435,30.666666666666668,1.5275252316519463,35
MetaPathPredict,MIT9313,70,0.6095238095238095,0.5286357747191588,21.333333333333332,18.502252115170556,35
MetaPathPredict,MIT9313,80,0.8571428571428571,0.028571428571428498,30.0,1.0,35
MetaPathPredict,MIT9313,90,0.5238095238095238,0.3211374342873784,18.333333333333332,11.239810200058244,35
MetaPathPredict,MIT9313,100,0.02857142857142857,0.0,1.0,0.0,35
MetaPathPredict,Pseudomonas_fluorescens_SBW25,0,1.0,0.0,73.0,0.0,73
MetaPathPredict,Pseudomonas_fluorescens_SBW25,10,1.0,0.0,73.0,0.0,73
MetaPathPredict,Pseudomonas_fluorescens_SBW25,20,1.0,0.0,73.0,0.0,73
MetaPathPredict,Pseudomonas_fluorescens_SBW25,30,0.9863013698630136,0.013698630136986314,72.0,1.0,73
MetaPathPredict,Pseudomonas_fluorescens_SBW25,40,0.9954337899543378,0.007908907797118201,72.66666666666667,0.5773502691896247,73
MetaPathPredict,Pseudomonas_fluorescens_SBW25,50,0.9863013698630136,0.0,72.0,0.0,73
MetaPathPredict,Pseudomonas_fluorescens_SBW25,60,0.9771689497716896,0.007908907797118088,71.33333333333333,0.5773502691896247,73
MetaPathPredict,Pseudomonas_fluorescens_SBW25,70,0.9817351598173515,0.007908907797118177,71.66666666666667,0.5773502691896247,73
MetaPathPredict,Pseudomonas_fluorescens_SBW25,80,0.9908675799086758,0.007908907797118201,72.33333333333333,0.5773502691896247,73
MetaPathPredict,Pseudomonas_fluorescens_SBW25,90,0.91324200913242,0.02092500317331426,66.66666666666667,1.5275252316519452,73
MetaPathPredict,Pseudomonas_fluorescens_SBW25,100,0.0136986301369863,0.0,1.0,0.0,73
MetaPathPredict,SS120,0,1.0,0.0,30.0,0.0,30
MetaPathPredict,SS120,10,1.0,0.0,30.0,0.0,30
MetaPathPredict,SS120,20,1.0,0.0,30.0,0.0,30
MetaPathPredict,SS120,30,1.0,0.0,30.0,0.0,30
MetaPathPredict,SS120,40,1.0,0.0,30.0,0.0,30
MetaPathPredict,SS120,50,1.0,0.0,30.0,0.0,30
MetaPathPredict,SS120,60,0.9777777777777779,0.01924500897298752,29.333333333333332,0.5773502691896255,30
MetaPathPredict,SS120,70,0.9777777777777779,0.01924500897298752,29.333333333333332,0.5773502691896255,30
MetaPathPredict,SS120,80,0.9666666666666667,0.0,29.0,0.0,30
MetaPathPredict,SS120,90,0.9333333333333332,0.05773502691896256,28.0,1.7320508075688772,30
MetaPathPredict,SS120,100,0.0,0.0,0.0,0.0,30
anvio,MED4,0,1.0,0.0,66.0,0.0,66
anvio,MED4,10,0.7828282828282829,0.04870530687370178,51.666666666666664,3.214550253664319,66
anvio,MED4,20,0.4696969696969697,0.05462956477975742,31.0,3.605551275463989,66
anvio,MED4,30,0.2626262626262626,0.07160326706443346,17.333333333333332,4.725815626252609,66
anvio,MED4,40,0.1818181818181818,0.030303030303030304,12.0,2.0,66
anvio,MED4,50,0.1313131313131313,0.05321037248915524,8.666666666666666,3.5118845842842465,66
anvio,MED4,60,0.04040404040404041,0.008747731351357967,2.6666666666666665,0.5773502691896258,66
anvio,MED4,70,0.04545454545454545,0.030303030303030304,3.0,2.0,66
anvio,MED4,80,0.010101010101010102,0.008747731351357967,0.6666666666666666,0.5773502691896258,66
anvio,MED4,90,0.005050505050505051,0.008747731351357967,0.3333333333333333,0.5773502691896258,66
anvio,MED4,100,0.0,0.0,0.0,0.0,66
anvio,MIT9313,0,1.0,0.0,72.0,0.0,72
anvio,MIT9313,10,0.763888888888889,0.05007710104811098,55.0,3.605551275463989,72
anvio,MIT9313,20,0.5,0.09622504486493767,36.0,6.928203230275509,72
anvio,MIT9313,30,0.34722222222222227,0.08448281292080856,25.0,6.082762530298219,72
anvio,MIT9313,40,0.1898148148148148,0.08820629112619283,13.666666666666666,6.350852961085883,72
anvio,MIT9313,50,0.10185185185185186,0.04464653130089331,7.333333333333333,3.214550253664318,72
anvio,MIT9313,60,0.06481481481481481,0.032075014954979206,4.666666666666667,2.309401076758503,72
anvio,MIT9313,70,0.013888888888888888,0.013888888888888888,1.0,1.0,72
anvio,MIT9313,80,0.013888888888888888,0.013888888888888888,1.0,1.0,72
anvio,MIT9313,90,0.0,0.0,0.0,0.0,72
anvio,MIT9313,100,0.0,0.0,0.0,0.0,72
anvio,Pseudomonas_fluorescens_SBW25,0,1.0,0.0,128.0,0.0,128
anvio,Pseudomonas_fluorescens_SBW25,10,0.8098958333333334,0.05758683434243746,103.66666666666667,7.3711147958319945,128
anvio,Pseudomonas_fluorescens_SBW25,20,0.6536458333333334,0.06266254903914566,83.66666666666667,8.020806277010644,128
anvio,Pseudomonas_fluorescens_SBW25,30,0.46875,0.0234375,60.0,3.0,128
anvio,Pseudomonas_fluorescens_SBW25,40,0.328125,0.015625,42.0,2.0,128
anvio,Pseudomonas_fluorescens_SBW25,50,0.15364583333333334,0.018042195912175804,19.666666666666668,2.309401076758503,128
anvio,Pseudomonas_fluorescens_SBW25,60,0.036458333333333336,0.004510548978043951,4.666666666666667,0.5773502691896257,128
anvio,Pseudomonas_fluorescens_SBW25,70,0.0234375,0.0078125,3.0,1.0,128
anvio,Pseudomonas_fluorescens_SBW25,80,0.005208333333333333,0.004510548978043952,0.6666666666666666,0.5773502691896258,128
anvio,Pseudomonas_fluorescens_SBW25,90,0.0026041666666666665,0.004510548978043952,0.3333333333333333,0.5773502691896258,128
anvio,Pseudomonas_fluorescens_SBW25,100,0.0,0.0,0.0,0.0,128
anvio,SS120,0,1.0,0.0,69.0,0.0,69
anvio,SS120,10,0.8212560386473431,0.066939161645174,56.666666666666664,4.618802153517007,69
anvio,SS120,20,0.48792270531400966,0.05089687803310505,33.666666666666664,3.511884584284247,69
anvio,SS120,30,0.37198067632850246,0.07149105597559778,25.666666666666668,4.932882862316247,69
anvio,SS120,40,0.2028985507246377,0.043478260869565216,14.0,3.0,69
anvio,SS120,50,0.17391304347826086,0.07668844379897365,12.0,5.291502622129181,69
anvio,SS120,60,0.07246376811594203,0.014492753623188406,5.0,1.0,69
anvio,SS120,70,0.028985507246376812,0.014492753623188406,2.0,1.0,69
anvio,SS120,80,0.014492753623188406,0.025102185616940248,1.0,1.7320508075688772,69
anvio,SS120,90,0.004830917874396135,0.008367395205646751,0.3333333333333333,0.5773502691896258,69
anvio,SS120,100,0.0,0.0,0.0,0.0,69
