module,module_equation,n_steps,E_before,E_after,module_frequency,module_probability_before,module_probability_after,posterior_mean,posterior_variance,beta_threshold,ci_low,ci_high,hdi_low,hdi_high,effect_size,module_best_path_kos
M00024,(1 - ((1 - ((1 - ((1 - (K01850))*(1 - (K04092))*(1 - (K14187))*(1 - (K04093))*(1 - (K04516))*(1 - (K06208))*(1 - (K06209))))*(1 - ((1 - (K01713))*(1 - (K04518))*(1 - (K05359))))))*(1 - (K14170))))*(1 - ((1 - (K00832))*(1 - (K00838)))),2,1.3108564147802633,1.5285198666992135,0.20613562970936491,0.7358550667210777,0.8417806579081061,0.7135213602914029,0.06387769646853403,0.4186,0.13614340410542305,0.9982745673367209,0.7135213602914029,0.7135213602914029,1.1668945330813236,"K00817,K04518,K06208"
M00025,(1 - ((1 - ((1 - ((1 - (K01850))*(1 - (K04092))*(1 - (K14170))*(1 - (K04093))*(1 - (K04516))*(1 - (K06208))*(1 - (K06209))))*(1 - ((1 - (K04517))*(1 - (K00211))))))*(1 - (K14187))))*(1 - ((1 - (K00832))*(1 - (K00838)))),2,2.0,2.0,0.20182992465016147,0.9793907667622421,0.9793907667622421,0.9274390840591057,0.021029946693347776,0.4186,0.45322028096689443,0.9999999999644701,0.9274390840591057,0.9274390840591057,3.5088223146241826,"K00817,K04517,K06208"
M00044,(1 - ((1 - (K00815))*(1 - (K00838))*(1 - (K00832))*(1 - (K03334))))*K00457*K00451*K01800*(1 - ((1 - (K01555))*(1 - (K16171)))),5,1.2765050731205738,1.4208287252594696,0.17774488697524218,0.16789758109787345,0.20769806758425113,0.27449112159038014,0.030637807039759275,0.4186,0.02566993865904703,0.6719820401076821,0.003003003003003003,0.6066066066066066,-0.8233071741678785,"K00451,K00457,K00817,K01555,K01800"
M00118,(1 - ((1 - ((K11204)*(K11205)))*(1 - (K01919))))*(1 - ((1 - (K21456))*(1 - (K01920)))),2,2.0,2.0,0.3385360602798708,0.9837281678308961,0.9837281678308961,0.9398669145708974,0.017661592958087162,0.4186,0.49682816470838065,0.9999999999997087,0.9398669145708974,0.9398669145708974,3.922339891501067,"K01920,K06048"
M00375,(((K01964)*(K15037))*(K15036)*K15017*K15039*K15018*K15019*K15020*K05606*(K01848)*(K01849)*(1 - ((1 - (K15038))*(1 - (K15017))))*K14465*(1 - ((1 - (K14466))*(1 - (K18861))*(1 - (K25774))))*K14534*K15016*K00626),14,1.492988275568905,1.6275406799266325,0.001,0.0015335309272030972,0.002099768280711678,0.10577536882640472,0.00576749635219773,0.4186,0.009762232604896906,0.29466483154508455,0.001001001001001001,0.25325325325325326,-4.119146867590033,"K00626,K01848,K01849,K01961,K01962,K02160,K05606,K14465,K14466,K14534,K15016,K15017,K15018,K15019,K15020,K15039"
M00377,(K00198*(1 - ((1 - (K05299))*(1 - (((K22015)*(K25123))*(K25124)))))*K01938*K01491*K00297*K15023*((K14138)*(K00197))*(K00194)),7,2.140908765359199,2.230137668852391,0.002152852529601722,0.1838351190358989,0.2040770396184015,0.2898239825484561,0.023658165711288315,0.4186,0.05122293502268782,0.6297598832495965,0.02702702702702703,0.5835835835835835,-0.8372293703844829,"K00194,K00197,K00198,K01491,K01938,K05299,K14138,K15023,K24042"
M00840,(K14652*K22100*K01633*K13941*K22099*K00287),6,2.8979390488891883,3.347246297362979,0.001,0.5281181267830938,0.6719382027687728,0.5072494389943908,0.032887821793982454,0.4186,0.1643625098488083,0.8460275976167813,0.16716716716716717,0.8468468468468469,0.4888306586486313,"K00287,K00796,K01633,K14652,K22099,K22100"
M00845,(K22478*K00145*K00821*K09065*K01438*K01940*K01755),7,3.0066580177277427,4.1751695063084515,0.018568353067814854,0.42141871003484177,0.7574635970344327,0.5439178381111587,0.028513933735131274,0.4186,0.21367028452429923,0.8527393836067434,0.22322322322322322,0.8598598598598598,0.74213741325269,"K00145,K00821,K00930,K01438,K01755,K01940,K09065"
M00127,(1 - ((1 - (((K03148)*(K03154)*K03151)))*(1 - ((K03150*K03149)))*(1 - ((K03147*(1 - ((1 - (K00941*K00788))*(1 - (K14153))*(1 - (K21219))))*K00946))))),1,0.5323070871780496,0.8573317701415691,0.05745425188374596,0.5427180287135474,0.8524533506008329,0.7846156321181307,0.08047330569237947,0.4186,0.06424758755898283,0.9999997861092225,0.7846156321181307,0.7846156321181307,1.2902495407926557,"K00788,K00941,K00946,K03147"
M00133,(1 - ((1 - (((1 - ((1 - (K01584))*(1 - (K01585))*(1 - (K02626))))*K01480)))*(1 - (K01611))*(1 - (K00797)))),1,1.0,1.0,0.2545748116254037,0.9619883348295334,0.9619883348295334,0.9322340737841277,0.030082716885703506,0.4186,0.30063931736874805,1.0,0.9322340737841277,0.9322340737841277,2.9613879048638014,K00797
M00376,(1 - ((1 - (((((K02160)*(K01961))*(K01962))*(K01963)*K14468*K14469*K15052*K05606*(1 - ((1 - (K01847))*(1 - ((K01848)*(K01849)))))*(K14471)*(K14472)*((K00239)*(K00240))*(K00241)*K01679)))*(1 - ((K08691*K14449*K14470*K09709))))),1,3.109272613069443e-10,5.156170635076677e-09,0.001,7.64171910752065e-05,7.64208940222666e-05,9.091377833694098e-05,4.328833953421404e-05,0.4186,2.225073858507201e-308,9.66597797082292e-111,9.091377833694098e-05,9.091377833694098e-05,-63.60912590568158,"K08691,K09709,K14449,K14470"
M00885,(1 - ((1 - (K02078))*(1 - (((K11263)*(K18472)*K00645*K11608)))*(1 - ((((K11609)*(K11610))*((1 - ((1 - ((K27071)*(K27072)))*(1 - (K27689))))))*(K11611))))),1,1.0,1.0,0.5,0.9753689254934115,0.9753689254934115,0.9545454545454545,0.02066115702479339,0.4186,0.4231679438919941,1.0,0.9545454545454545,0.9545454545454545,3.7285783435513324,K02078
M00886,(1 - ((1 - (K02078))*(1 - (((K11263)*(K18472)*K00645*K11608)))*(1 - (((((K11609)*(K11610))*(K27071))*(K27072))*(K11611)*((((K27070)*(K11610))*(K27072))*((1 - ((1 - (K27073))*(1 - (K27074))))))*(K11611))))),1,1.0,1.0,0.5,0.9753689254934115,0.9753689254934115,0.9545454545454545,0.02066115702479339,0.4186,0.4231679438919941,1.0,0.9545454545454545,0.9545454545454545,3.7285783435513324,K02078
M00895,(1 - ((1 - (((K03148)*(K03154)*K03151)))*(1 - ((K03153*K03149*K10810)))*(1 - ((K03147*K00941*K00788*K00946))))),1,0.5108310829240248,0.7423955467404073,0.05745425188374596,0.519504079305273,0.7544993658903991,0.6801281562988926,0.10359707014683889,0.4186,0.023647477136793306,0.9999583775496426,0.6801281562988926,0.6801281562988926,0.812539935983869,"K00788,K00941,K00946,K03147"
