module,module_description,n_steps,module_confidence_no_sub,module_confidence_with_sub,module_confidence_delta,module_confidence_improved,E_after_no_sub,E_after,E_after_delta,best_path_no_sub,module_best_path_kos,best_path_changed,posterior_mean_no_sub,posterior_mean,ci_low_no_sub,ci_low,ci_high_no_sub,ci_high,beta_threshold,effect_size,module_frequency
M00024,"Phenylalanine biosynthesis, chorismate => phenylpyruvate => phenylalanine",2,0.3458407135361643,0.8417806579081061,0.4959399443719418,True,0.6907655639165138,1.5285198666992135,0.8377543027826997,"K00832,K04518,K06208","K00817,K04518,K06208",True,0.3327239499356303,0.7135213602914029,0.004262266612425476,0.13614340410542305,0.8956325445072248,0.9982745673367209,0.4186,1.1668945330813236,0.20613562970936491
M00025,"Tyrosine biosynthesis, chorismate => HPP => tyrosine",2,0.6498909569815675,0.9793907667622421,0.3294998097806746,True,1.1622456972173003,2.0,0.8377543027826997,"K00832,K04517,K06208","K00817,K04517,K06208",True,0.5466416737033329,0.9274390840591057,0.04665362178307644,0.45322028096689443,0.9793716499074783,0.9999999999644701,0.4186,3.5088223146241826,0.20182992465016147
M00044,"Tyrosine degradation, tyrosine => homogentisate",5,0.039638795569552854,0.20769806758425113,0.16805927201469828,True,0.5848152067310828,1.4208287252594696,0.8360135185283868,"K00451,K00457,K00832,K01555,K01800","K00451,K00457,K00817,K01555,K01800",True,0.12248866367612798,0.27449112159038014,0.0007735150719339277,0.02566993865904703,0.4686453083105247,0.6719820401076821,0.4186,-0.8233071741678785,0.17774488697524218
M00118,"Glutathione biosynthesis, glutamate => glutathione",2,0.8455743048191783,0.9837281678308961,0.13815386301171784,True,1.5109755264030833,2.0,0.4890244735969167,"K01919,K01920","K01920,K06048",True,0.7175830629359351,0.9398669145708974,0.13925800398689195,0.49682816470838065,0.9984265210353407,0.9999999999997087,0.4186,3.922339891501067,0.3385360602798708
M00375,,14,0.00011397092116482987,0.002099768280711678,0.001985797359546848,True,0.6275406799266328,1.6275406799266325,0.9999999999999998,"K00626,K01848,K01849,K01964,K05606,K14465,K14466,K14534,K15016,K15017,K15018,K15019,K15020,K15036,K15037,K15039","K00626,K01848,K01849,K01961,K01962,K02160,K05606,K14465,K14466,K14534,K15016,K15017,K15018,K15019,K15020,K15039",True,0.04084030389133979,0.10577536882640472,0.0001638366419973879,0.009762232604896906,0.17729345694060214,0.29466483154508455,0.4186,-4.119146867590033,0.001
M00377,Reductive acetyl-CoA pathway (Wood-Ljungdahl pathway),7,0.09851403510400325,0.2040770396184015,0.10556300451439826,True,1.6843374546009862,2.230137668852391,0.5458002142514047,"K00194,K00197,K00198,K00297,K01491,K01938,K05299,K14138,K15023","K00194,K00197,K00198,K01491,K01938,K05299,K14138,K15023,K24042",True,0.2189408378404815,0.2898239825484561,0.023751692810707506,0.05122293502268782,0.5476364943177279,0.6297598832495965,0.4186,-0.8372293703844829,0.002152852529601722
M00840,"Tetrahydrofolate biosynthesis, mediated by ribA and trpF, GTP => THF",6,0.40044877595685957,0.6719382027687728,0.27148942681191324,True,2.5161532666762634,3.347246297362979,0.8310930306867155,"K00287,K01633,K13941,K14652,K22099,K22100","K00287,K00796,K01633,K14652,K22099,K22100",True,0.3813262525267066,0.5072494389943908,0.08432914025053868,0.1643625098488083,0.7453102208211531,0.8460275976167813,0.4186,0.4888306586486313,0.001
M00845,"Arginine biosynthesis, glutamate => acetylcitrulline => arginine",7,0.47345654401073045,0.7574635970344327,0.2840070530237022,True,3.17622628053666,4.1751695063084515,0.9989432257717916,"K00145,K00821,K01438,K01755,K01940,K09065,K22478","K00145,K00821,K00930,K01438,K01755,K01940,K09065",True,0.41418495164728963,0.5439178381111587,0.11929932615579338,0.21367028452429923,0.7508842434585076,0.8527393836067434,0.4186,0.74213741325269,0.018568353067814854
M00127,"Thiamine biosynthesis, prokaryotes, AIR (+ DXP/tyrosine) => TMP/TPP",1,0.8524533506008329,0.8524533506008329,0.0,False,0.8573317701415691,0.8573317701415691,0.0,"K00788,K00941,K00946,K03147","K00788,K00941,K00946,K03147",False,0.7846156321181307,0.7846156321181307,0.06424758755898283,0.06424758755898283,0.9999997861092225,0.9999997861092225,0.4186,1.2902495407926557,0.05745425188374596
M00133,"Polyamine biosynthesis, arginine => agmatine => putrescine => spermidine",1,0.9619883348295334,0.9619883348295334,0.0,False,1.0,1.0,0.0,K00797,K00797,False,0.9322340737841277,0.9322340737841277,0.30063931736874805,0.30063931736874805,1.0,1.0,0.4186,2.9613879048638014,0.2545748116254037
M00376,3-Hydroxypropionate bi-cycle,1,7.64208940222666e-05,7.64208940222666e-05,0.0,False,5.156170635076677e-09,5.156170635076677e-09,0.0,"K08691,K09709,K14449,K14470","K08691,K09709,K14449,K14470",False,9.091377833694098e-05,9.091377833694098e-05,2.225073858507201e-308,2.225073858507201e-308,9.66597797082292e-111,9.66597797082292e-111,0.4186,-63.60912590568158,0.001
M00885,"Meromycolic acid biosynthesis, initiation and elongation FAS II (KasA)",1,0.9753689254934115,0.9753689254934115,0.0,False,1.0,1.0,0.0,K02078,K02078,False,0.9545454545454545,0.9545454545454545,0.4231679438919941,0.4231679438919941,1.0,1.0,0.4186,3.7285783435513324,0.5
M00886,"Meromycolic acid biosynthesis, initiation and elongation FAS II (KasA and KasB)",1,0.9753689254934115,0.9753689254934115,0.0,False,1.0,1.0,0.0,K02078,K02078,False,0.9545454545454545,0.9545454545454545,0.4231679438919941,0.4231679438919941,1.0,1.0,0.4186,3.7285783435513324,0.5
M00895,"Thiamine biosynthesis, prokaryotes, AIR (+ DXP/glycine) => TMP/TPP",1,0.7544993658903991,0.7544993658903991,0.0,False,0.7423955467404073,0.7423955467404073,0.0,"K00788,K00941,K00946,K03147","K00788,K00941,K00946,K03147",False,0.6801281562988926,0.6801281562988926,0.023647477136793306,0.023647477136793306,0.9999583775496426,0.9999583775496426,0.4186,0.812539935983869,0.05745425188374596
