module,step,canonical_ko,substitute_ko,case,shared_reactions,n_shared,z_score,substitute_hit_conf
M00001,6,K00150,K05298,outcompeted,R01063,1,,1.0
M00002,2,K00150,K05298,outcompeted,R01063,1,,1.0
M00003,5,K00150,K05298,outcompeted,R01063,1,,1.0
M00024,2,K00838,K00812,outcompeted,R00694,1,,1.0
M00024,2,K00832,K00812,outcompeted,R00694,1,,1.0
M00025,2,K00838,K00812,outcompeted,R00734,1,,1.0
M00025,2,K00832,K00812,outcompeted,R00734,1,,1.0
M00044,1,K00838,K00812,outcompeted,R00734,1,,1.0
M00044,1,K00832,K00812,outcompeted,R00734,1,,1.0
M00044,1,K00815,K00812,outcompeted,R00734,1,,1.0
M00118,1,K01919,K06048,outcompeted,R00894,1,,1.0
M00127,1.1,K03148,K21147,outcompeted,R07459,1,,0.998799154297969
M00133,1.1,K01585,K01583,outcompeted,R00566,1,,0.9999999990686774
M00365,2,K13787,K13789,outcompeted,"R01658,R02003,R02061",3,,1.0
M00375,1,K01964,K01961,outcompeted,R00742,1,,1.0
M00375,1,K15036,K01963,outcompeted,R00742,1,,1.0
M00375,1,K15037,K02160,outcompeted,R00742,1,,1.0
M00377,5,K00297,K24042,outcompeted,R07168,1,,1.0
M00609,6,K17217,K01758,outcompeted,R01001,1,,1.0
M00840,4,K13941,K00796,outcompeted,"R03066,R03067",2,,1.0
M00845,1,K22478,K00930,outcompeted,R02649,1,,1.0
M00883,1,K23735,K03801,outcompeted,R12428,1,,1.0
M00885,2.1,K18472,K01963,outcompeted,R00742,1,,1.0
M00885,2.1,K11263,K01961,outcompeted,R00742,1,,1.0
M00886,2.1,K18472,K01963,outcompeted,R00742,1,,1.0
M00886,2.1,K11263,K01961,outcompeted,R00742,1,,1.0
M00895,1.1,K03148,K21147,outcompeted,R07459,1,,0.998799154297969
M00921,1,K13787,K13789,outcompeted,"R01658,R02003,R02061",3,,1.0
