module,multiline,step,equation,p_before,p_after,best_path_score,best_path_kos
M00001,False,1,(1 - ((1 - (K00844))*(1 - (K12407))*(1 - (K00845))*(1 - (K25026))*(1 - (K00886))*(1 - (K08074))*(1 - (K00918)))),1.0,1.0,1.0,K00845
M00001,False,2,(1 - ((1 - (K01810))*(1 - (K06859))*(1 - (K13810))*(1 - (K15916)))),1.0,1.0,1.0,K01810
M00001,False,3,(1 - ((1 - (K00850))*(1 - (K16370))*(1 - (K21071))*(1 - (K24182))*(1 - (K00918)))),0.2348368874196054,0.7048109799668729,0.5242816533574004,K00850
M00001,False,4,(1 - ((1 - (K01623))*(1 - (K01624))*(1 - (K11645))*(1 - (K16305))*(1 - (K16306)))),1.0,1.0,1.0,K01624
M00001,False,5,K01803,1.0,1.0,1.0,K01803
M00001,False,6,"(1 - ((1 - ((1 - ((1 - (K00134))*(1 - (max(K00150,K05298)))))*K00927))*(1 - (K11389))))",1.0,1.0,1.0,"K00927,K05298"
M00001,False,7,(1 - ((1 - (K01834))*(1 - (K15633))*(1 - (K15634))*(1 - (K15635)))),1.0,1.0,1.0,K15633
M00001,False,8,(1 - ((1 - (K01689))*(1 - (K27394)))),1.0,1.0,1.0,K01689
M00001,False,9,(1 - ((1 - (K00873))*(1 - (K12406)))),1.0,1.0,1.0,K00873
M00002,False,1,K01803,1.0,1.0,1.0,K01803
M00002,False,2,"(1 - ((1 - ((1 - ((1 - (K00134))*(1 - (max(K00150,K05298)))))*K00927))*(1 - (K11389))))",1.0,1.0,1.0,"K00927,K05298"
M00002,False,3,(1 - ((1 - (K01834))*(1 - (K15633))*(1 - (K15634))*(1 - (K15635)))),1.0,1.0,1.0,K15633
M00002,False,4,(1 - ((1 - (K01689))*(1 - (K27394)))),1.0,1.0,1.0,K01689
M00002,False,5,(1 - ((1 - (K00873))*(1 - (K12406)))),1.0,1.0,1.0,K00873
M00003,False,1,(1 - ((1 - (K01596))*(1 - (K01610)))),0.2365348025661742,0.6959549015342268,0.572797637808318,K01610
M00003,False,2,(1 - ((1 - (K01689))*(1 - (K27394)))),1.0,1.0,1.0,K01689
M00003,False,3,(1 - ((1 - (K01834))*(1 - (K15633))*(1 - (K15634))*(1 - (K15635)))),1.0,1.0,1.0,K15633
M00003,False,4,K00927,1.0,1.0,1.0,K00927
M00003,False,5,"(1 - ((1 - (K00134))*(1 - (max(K00150,K05298)))))",1.0,1.0,1.0,K05298
M00003,False,6,K01803,1.0,1.0,1.0,K01803
M00003,False,7,(1 - ((1 - ((1 - ((1 - (K01623))*(1 - (K01624))*(1 - (K11645))))*(1 - ((1 - (K03841))*(1 - (K02446))*(1 - (K11532))*(1 - (K01086))*(1 - (K04041))))))*(1 - (K01622)))),1.0,1.0,1.0,"K01624,K11532"
M00024,False,1,(1 - ((1 - ((1 - ((1 - (K01850))*(1 - (K04092))*(1 - (K14187))*(1 - (K04093))*(1 - (K04516))*(1 - (K06208))*(1 - (K06209))))*(1 - ((1 - (K01713))*(1 - (K04518))*(1 - (K05359))))))*(1 - (K14170)))),1.0,1.0,1.0,"K04518,K06208"
M00024,False,2,"(1 - ((1 - (max(K00832,K00812)))*(1 - (K00838))))",1.0,1.0,1.0,K00812
M00025,False,1,(1 - ((1 - ((1 - ((1 - (K01850))*(1 - (K04092))*(1 - (K14170))*(1 - (K04093))*(1 - (K04516))*(1 - (K06208))*(1 - (K06209))))*(1 - ((1 - (K04517))*(1 - (K00211))))))*(1 - (K14187)))),1.0,1.0,1.0,"K04517,K06208"
M00025,False,2,"(1 - ((1 - (max(K00832,K00812)))*(1 - (K00838))))",1.0,1.0,1.0,K00812
M00044,False,1,"(1 - ((1 - (max(K00815,K00812)))*(1 - (K00838))*(1 - (max(K00832,K00812)))*(1 - (K03334))))",1.0,1.0,1.0,K00812
M00044,False,2,K00457,0.09993034346509276,0.1367165412960018,0.1367165412960018,K00457
M00044,False,3,K00451,0.09735192145505847,0.13477687681139383,0.13477687681139383,K00451
M00044,False,4,K01800,0.005915407307863653,0.005915407307863653,0.005915407307863653,K01800
M00044,False,5,(1 - ((1 - (K01555))*(1 - (K16171)))),0.10270868821169021,0.18162029781073363,0.10279029443612267,K16171
M00118,False,1,"(1 - ((1 - ((K11204)*(K11205)))*(1 - (max(K01919,K06048)))))",1.0,1.0,1.0,K06048
M00118,False,2,(1 - ((1 - (K21456))*(1 - (K01920)))),1.0,1.0,1.0,K01920
M00365,False,1,K01823,0.09281950721747825,0.48891841710746653,0.48891841710746653,K01823
M00365,False,2,"max(K13787,K13789)",1.0,1.0,1.0,K13789
M00374,False,1,"(((max(K00169,K03737))*(max(K00170,K03737)))*(max(K00171,K03737)))*(max(K00172,K03737))",1.0,1.0,1.0,K03737
M00374,False,2,K01007,0.9999997877421243,0.9999998513580637,0.9999998513580637,K01007
M00374,False,3,K01595,1.0,1.0,1.0,K01595
M00374,False,4,K00024,0.06955407506164404,0.30489094926449756,0.30489094926449756,K00024
M00374,False,5,(K01677)*(K01678),5.1583127454482715e-05,0.0030022397501717544,0.0030022397501717544,"K01677,K01678"
M00374,False,6,(K00239)*(K00240),1.0,1.0,1.0,"K00239,K00240"
M00374,False,7,(K01902)*(K01903),0.11930927840159249,0.3045913533555905,0.3045913533555905,"K01902,K01903"
M00374,False,8,(1 - ((1 - (K15038))*(1 - (K15017)))),4.4781385111214433e-07,4.4781385111214433e-07,4.4170035105641196e-07,K15017
M00374,False,9,K14465,0.00038056688504955593,0.00038056688504955593,0.00038056688504955593,K14465
M00374,False,10,(1 - ((1 - (K14467))*(1 - (K18861))*(1 - (K25774)))),9.934436717706774e-08,9.934436717706774e-08,9.781599161914297e-08,K14467
M00374,False,11,K14534,0.0005894040357261191,0.0005894040357261191,0.0005894040357261191,K14534
M00374,False,12,K15016,0.0003026564469071898,0.0003026564469071898,0.0003026564469071898,K15016
M00374,False,13,K00626,0.372995139781273,0.45628821926535884,0.45628821926535884,K00626
M00375,False,1,"((max(K01964,K01961))*(max(K15037,K02160)))*(max(K15036,K01963))",1.0,1.0,1.0,"K01961,K01963,K02160"
M00375,False,2,K15017,4.4170035105641196e-07,4.4170035105641196e-07,4.4170035105641196e-07,K15017
M00375,False,3,K15039,8.822291735141702e-11,8.822291735141702e-11,8.822291735141702e-11,K15039
M00375,False,4,K15018,6.1135027470719995e-09,6.1135027470719995e-09,6.1135027470719995e-09,K15018
M00375,False,5,K15019,0.0031736415096095673,0.003630024534553484,0.003630024534553484,K15019
M00375,False,6,K15020,4.0607393361935573e-05,4.0607393361935573e-05,4.0607393361935573e-05,K15020
M00375,False,7,K05606,0.11409257737230911,0.27603809523230394,0.27603809523230394,K05606
M00375,False,8,(K01848)*(K01849),1.4758778671370738e-05,5.4908505924420376e-05,5.4908505924420376e-05,"K01848,K01849"
M00375,False,9,(1 - ((1 - (K15038))*(1 - (K15017)))),4.4781385111214433e-07,4.4781385111214433e-07,4.4170035105641196e-07,K15017
M00375,False,10,K14465,0.00038056688504955593,0.00038056688504955593,0.00038056688504955593,K14465
M00375,False,11,(1 - ((1 - (K14466))*(1 - (K18861))*(1 - (K25774)))),0.001376457521465535,0.001376457521465535,0.001376455995193662,K14466
M00375,False,12,K14534,0.0005894040357261191,0.0005894040357261191,0.0005894040357261191,K14534
M00375,False,13,K15016,0.0003026564469071898,0.0003026564469071898,0.0003026564469071898,K15016
M00375,False,14,K00626,0.372995139781273,0.45628821926535884,0.45628821926535884,K00626
M00377,False,1,K00198,0.0010301873660609054,0.0012495405714466488,0.0012495405714466488,K00198
M00377,False,2,(1 - ((1 - (K05299))*(1 - (((K22015)*(K25123))*(K25124))))),0.0010102084666676614,0.001117358746765551,0.0011173586871334822,K05299
M00377,False,3,K01938,0.13761659223603886,0.24895838383218294,0.24895838383218294,K01938
M00377,False,4,K01491,1.0,1.0,1.0,K01491
M00377,False,5,"max(K00297,K24042)",1.0,1.0,0.9999999999999734,K24042
M00377,False,6,K15023,0.0012517772811455384,0.0015413672168315233,0.0015413672168315233,K15023
M00377,False,7,((K14138)*(K00197))*(K00194),9.289613484067633e-12,1.2245489775305792e-10,1.2245489775305792e-10,"K00194,K00197,K14138"
M00609,False,1,K00789,1.0,1.0,1.0,K00789
M00609,False,2,K17462,0.9999999999730348,0.9999999999731449,0.9999999999731449,K17462
M00609,False,3,K01243,0.357590239274999,0.6684513921596292,0.6684513921596292,K01243
M00609,False,4,K07173,0.11240857716932345,0.37498714094783575,0.37498714094783575,K07173
M00609,False,5,K17216,0.003160440932061018,0.00678642058233913,0.00678642058233913,K17216
M00609,False,6,"max(K17217,K01758)",1.0,1.0,1.0,K01758
M00620,False,1,"(((max(K00169,K03737))*(max(K00170,K03737)))*(max(K00171,K03737)))*(max(K00172,K03737))",1.0,1.0,1.0,K03737
M00620,False,2,(K01959)*(K01960),7.693218121701248e-05,0.0002687893329259921,0.0002687893329259921,"K01959,K01960"
M00620,False,3,K00024,0.06955407506164404,0.30489094926449756,0.30489094926449756,K00024
M00620,False,4,(K01677)*(K01678),5.1583127454482715e-05,0.0030022397501717544,0.0030022397501717544,"K01677,K01678"
M00620,False,5,(K18209)*(K18210),1.2237389485203158e-05,5.173138487451132e-05,5.173138487451132e-05,"K18209,K18210"
M00620,False,6,(K01902)*(K01903),0.11930927840159249,0.3045913533555905,0.3045913533555905,"K01902,K01903"
M00620,False,7,(((K00174)*(K00175))*(K00176))*(K00177),1.722920649585096e-07,0.0002790431506585776,0.0002790431506585776,"K00174,K00175,K00176,K00177"
M00740,False,1,(1 - ((1 - (K01647))*(1 - (K01659)))),1.0,1.0,1.0,K01647
M00740,False,2,K27802,0.0,0.0,0.0,K27802
M00740,False,3,K00031,1.0,1.0,1.0,K00031
M00740,False,4,"max(K00261,K00262)",1.0,1.0,1.0,K00262
M00740,False,5,(K19268)*(K01846),2.125539355503375e-06,5.185381704580647e-06,5.185381704580647e-06,"K01846,K19268"
M00740,False,6,K04835,0.0006901896676370664,0.0015686788402356228,0.0015686788402356228,K04835
M00740,False,7,K19280,1.1141853457720228e-06,1.1141853457720228e-06,1.1141853457720228e-06,K19280
M00740,False,8,K14449,0.005316031900029941,0.0826436183193336,0.0826436183193336,K14449
M00740,False,9,K19281,1.5283750325928698e-07,1.5283750325928698e-07,1.5283750325928698e-07,K19281
M00740,False,10,K19282,0.0,0.0,0.0,K19282
M00740,False,11,K00024,0.06955407506164404,0.30489094926449756,0.30489094926449756,K00024
M00840,False,1,K14652,1.0,1.0,1.0,K14652
M00840,False,2,K22100,8.085102869194469e-07,1.0570718507955466e-06,1.0570718507955466e-06,K22100
M00840,False,3,K01633,1.0,1.0,1.0,K01633
M00840,False,4,"max(K13941,K00796)",1.0,1.0,1.0,K00796
M00840,False,5,K22099,7.4890372017825275e-06,7.590887514898058e-06,7.590887514898058e-06,K22099
M00840,False,6,K00287,0.47504475852852834,0.6992173958585151,0.6992173958585151,K00287
M00845,False,1,"max(K22478,K00930)",1.0,1.0,1.0,K00930
M00845,False,2,K00145,1.0,1.0,1.0,K00145
M00845,False,3,K00821,1.0,1.0,1.0,K00821
M00845,False,4,K09065,0.0033613381768339977,0.0035701937331749363,0.0035701937331749363,K09065
M00845,False,5,K01438,0.18675353295985098,0.5361669835657734,0.5361669835657734,K01438
M00845,False,6,K01940,1.0,1.0,1.0,K01940
M00845,False,7,K01755,1.0,1.0,1.0,K01755
M00883,False,1,"(1 - ((1 - (max(K23735,K03801)))*(1 - (K23734))))",1.0,1.0,1.0,K03801
M00883,False,2,K03644,1.0,1.0,1.0,K03644
M00883,False,3,(1 - ((1 - (K10105))*(1 - (K16869)))),0.011739312832485749,0.011739312832485749,0.011735536735980953,K16869
M00921,False,1,"max(K13787,K13789)",1.0,1.0,1.0,K13789
M00921,False,2,K18686,4.95193487009788e-07,5.945126645335636e-07,5.945126645335636e-07,K18686
M00921,False,3,K22997,0.0018865052757778109,0.0018868622819137038,0.0018868622819137038,K22997
M00921,False,4,K22998,1.198245988919007e-06,1.2547289189856462e-06,1.2547289189856462e-06,K22998
M00127,True,1.1,"(max(K03148,K21147))*(K03154)*K03151",0.13278680515665617,0.5196569630423289,0.5196569630423289,"K03151,K03154,K21147"
M00127,True,2.1,K03150*K03149,0.04102580304411496,0.4147812537156066,0.4147812537156066,"K03149,K03150"
M00127,True,3.1,K03147*(1 - ((1 - (K00941*K00788))*(1 - (K14153))*(1 - (K21219))))*K00946,0.5323070871780496,0.8737944663844,0.7721209023365436,"K00788,K00941,K00946,K03147"
M00133,True,1.1,"(1 - ((1 - (K01584))*(1 - (max(K01585,K01583)))*(1 - (K02626))))*K01480",1.0,1.0,1.0,"K01480,K01585"
M00133,True,2.1,K01611,1.0,1.0,1.0,K01611
M00133,True,3.1,K00797,1.0,1.0,1.0,K00797
M00885,True,1.1,K02078,1.0,1.0,1.0,K02078
M00885,True,2.1,"(max(K11263,K01961))*(max(K18472,K01963))*K00645*K11608",0.009121722157394947,0.017649380129936297,0.017649380129936297,"K00645,K01961,K01963,K11608"
M00885,True,3.1,(((K11609)*(K11610))*((1 - ((1 - ((K27071)*(K27072)))*(1 - (K27689))))))*(K11611),0.0,0.0,0.0,"K11609,K11610,K11611,K27071,K27072"
M00886,True,1.1,K02078,1.0,1.0,1.0,K02078
M00886,True,2.1,"(max(K11263,K01961))*(max(K18472,K01963))*K00645*K11608",0.009121722157394947,0.017649380129936297,0.017649380129936297,"K00645,K01961,K01963,K11608"
M00886,True,3.1,((((K11609)*(K11610))*(K27071))*(K27072))*(K11611)*((((K27070)*(K11610))*(K27072))*((1 - ((1 - (K27073))*(1 - (K27074))))))*(K11611),0.0,0.0,0.0,"K11609,K11610,K11611,K27070,K27071,K27072,K27073"
M00895,True,1.1,"(max(K03148,K21147))*(K03154)*K03151",0.13278680515665617,0.5196569630423289,0.5196569630423289,"K03151,K03154,K21147"
M00895,True,2.1,K03153*K03149*K10810,0.014106050856142754,0.023668465070888947,0.023668465070888947,"K03149,K03153,K10810"
M00895,True,3.1,K03147*K00941*K00788*K00946,0.5108310829240248,0.7721209023365436,0.7721209023365436,"K00788,K00941,K00946,K03147"
