KO id,Dk,Dk_Neighbor,Dk_Neighbor_v2,KO_Neighbors_v2,KO_Neighbor_Count_v2
K00262,1.0,1.0,1.0,"K00024,K00031,K00261,K01647,K01659,K01846,K04835,K14449,K19268,K19280,K19281",11
K00796,1.0,1.0,1.0,"K00287,K00950,K01077,K01113,K01495,K01633,K08310,K09007,K11754,K13939,K13940,K13941,K14652,K19965,K20457,K22391",16
K00812,1.0,1.0,1.0,"K00211,K00220,K00451,K00457,K00772,K00789,K00797,K00815,K00832,K00899,K01243,K01244,K01555,K01611,K01713,K01800,K03334,K04092,K04093,K04516,K04517,K04518,K05359,K05810,K06208,K06209,K08963,K08964,K08965,K08966,K08967,K08969,K09880,K14170,K14187,K15227,K15849,K16054,K16171,K23977,K24018",41
K00930,1.0,1.0,1.0,"K00145,K00619,K00620,K00818,K00821,K01438,K01755,K01940,K09065,K14677,K14681,K14682,K22477,K22478",14
K01583,0.9993099555366441,0.9993099555366441,0.9993099555366441,,0
K01758,1.0,1.0,1.0,"K00789,K01243,K01697,K07173,K17216,K17217,K17462",7
K01961,1.0,1.0,1.0,"K00239,K00240,K00241,K00626,K00645,K00648,K00665,K01679,K01847,K01848,K01849,K01962,K01963,K01964,K01965,K01966,K02078,K02160,K05606,K08691,K08928,K08929,K09709,K11262,K11263,K11533,K14449,K14465,K14466,K14468,K14469,K14470,K14471,K14472,K14534,K15016,K15017,K15018,K15019,K15020,K15036,K15037,K15038,K15052,K18473,K19312,K25774",47
K01963,1.0,1.0,1.0,"K00239,K00240,K00241,K00626,K00645,K00648,K00665,K01679,K01847,K01848,K01849,K01961,K01962,K01964,K01965,K01966,K02078,K02160,K05606,K08691,K08928,K08929,K09709,K11533,K14449,K14466,K14468,K14469,K14470,K14471,K14472,K14534,K15016,K15017,K15018,K15019,K15020,K15036,K15037,K15038,K15052,K18473,K25774",43
K02160,1.0,1.0,1.0,"K00239,K00240,K00241,K00626,K00645,K00648,K00665,K00667,K00668,K01679,K01847,K01848,K01849,K01961,K01962,K01963,K01964,K01965,K01966,K05606,K08691,K08928,K08929,K09709,K11262,K11263,K11533,K14449,K14465,K14466,K14468,K14469,K14470,K14471,K14472,K14534,K15016,K15017,K15018,K15019,K15020,K15036,K15037,K15038,K15052,K18473,K19312,K25774",48
K03737,1.0,1.0,1.0,"K00169,K00170,K00171,K00172,K00174,K00175,K00176,K00177,K00189,K01006,K01007,K01677,K01678,K01960,K08940,K08941,K08943,K14467,K14534,K18210",20
K03801,1.0,1.0,1.0,"K03644,K10105,K16869",3
K05298,1.0,1.0,1.0,"K02689,K02690,K02691,K02692,K02693,K02694,K02703,K02704,K02705,K02706,K02707,K02708",12
K06048,1.0,1.0,1.0,"K01919,K01920,K11205",3
K13789,1.0,1.0,1.0,,0
K21147,1.0,1.0,1.0,"K00788,K00941,K00946,K03147,K03149,K03150,K03153,K03154,K10810,K14153,K21219",11
K24042,0.9999999999999722,0.9999999999999782,0.9999999999999734,"K00194,K00197,K00198,K00651,K01500,K01739,K01938,K05299,K14138,K15022,K15023,K15024,K25007,K25008,K25123,K25124",16
