module,step,case,canonical_ko,substitute_ko,sub_Dk,sub_Dk_Neighbor,sub_hit_conf,sub_KO_freq,can_Dk,can_Dk_Neighbor,Nij_sub_to_can,Nij_can_to_sub,n_canonical_neighbors,n_with_real_nij_in_lookup,n_already_in_neighbor_map
M00001,6,outcompeted,K00150,K05298,1.0,1.0,1.0,0.010373347,1.0,1.0,0.0,0.0,64,49,32
M00002,2,outcompeted,K00150,K05298,1.0,1.0,1.0,0.010373347,1.0,1.0,0.0,0.0,64,49,32
M00003,5,outcompeted,K00150,K05298,1.0,1.0,1.0,0.010373347,1.0,1.0,0.0,0.0,64,49,32
M00024,2,outcompeted,K00838,K00812,1.0,1.0,1.0,0.584271763,3.6308134574190877e-135,3.6308134574190877e-135,0.0,0.0,38,37,0
M00024,2,outcompeted,K00832,K00812,1.0,1.0,1.0,0.584271763,0.04625015537042826,0.26442923469190655,2125.0,2125.0,42,40,0
M00025,2,outcompeted,K00838,K00812,1.0,1.0,1.0,0.584271763,3.6308134574190877e-135,3.6308134574190877e-135,0.0,0.0,38,37,0
M00025,2,outcompeted,K00832,K00812,1.0,1.0,1.0,0.584271763,0.04625015537042826,0.26442923469190655,2125.0,2125.0,42,40,0
M00044,1,outcompeted,K00838,K00812,1.0,1.0,1.0,0.584271763,3.6308134574190877e-135,3.6308134574190877e-135,0.0,0.0,38,37,0
M00044,1,outcompeted,K00832,K00812,1.0,1.0,1.0,0.584271763,0.04625015537042826,0.26442923469190655,2125.0,2125.0,42,40,0
M00044,1,outcompeted,K00815,K00812,1.0,1.0,1.0,0.584271763,6.1135027470719995e-09,6.1135027470719995e-09,1.0,1.0,25,24,0
M00118,1,outcompeted,K01919,K06048,1.0,1.0,1.0,0.3637680482,0.23258335309948475,0.5109755264030833,5060.0,5060.0,4,3,0
M00127,1.1,outcompeted,K03148,K21147,1.0,1.0,1.0,0.4047941685,0.03907005625716396,0.3204514208674587,313.0,313.0,12,12,0
M00133,1.1,outcompeted,K01585,K01583,0.9999876063990307,0.9999876063990307,0.9999876061656411,0.0051866735,1.0,1.0,78.0,78.0,5,4,0
M00365,2,outcompeted,K13787,K13789,1.0,1.0,1.0,0.085276389,0.04350095121767113,0.05959691003179472,67.0,67.0,6,5,2
M00375,1,outcompeted,K15037,K02160,1.0,1.0,1.0,0.7648708004,3.767291381615555e-05,3.767291381615555e-05,150.0,150.0,27,22,6
M00375,1,outcompeted,K15036,K01963,1.0,1.0,1.0,0.7213214336,2.4454010988287998e-08,2.4454010988287998e-08,1.0,1.0,27,22,6
M00375,1,outcompeted,K01964,K01961,1.0,1.0,1.0,0.7785617495,2.20086020393575e-07,2.20086020393575e-07,3.0,3.0,27,22,6
M00377,5,outcompeted,K00297,K24042,1.0,1.0,1.0,0.180692491,1.0,1.0,1435.0,1435.0,19,19,0
M00609,6,outcompeted,K17217,K01758,1.0,1.0,1.0,0.5497873931,0.011010192918379118,0.016771383677149452,1182.0,1182.0,5,5,0
M00840,4,outcompeted,K13941,K00796,1.0,1.0,1.0,0.8877622541,0.020338306393495764,0.020340647781489092,158.0,158.0,19,17,15
M00845,1,outcompeted,K22478,K00930,1.0,1.0,1.0,0.8105695996,0.00046739080886917713,0.0010567742282080294,156.0,156.0,16,14,12
M00883,1,outcompeted,K23735,K03801,1.0,1.0,1.0,0.6821176581,3.8209359460447e-08,3.8209359460447e-08,1.0,1.0,4,4,1
M00885,2.1,outcompeted,K18472,K01963,1.0,1.0,1.0,0.7213214336,0.0020037377460247418,0.00778467679462768,5.0,5.0,37,26,16
M00885,2.1,outcompeted,K11263,K01961,1.0,1.0,1.0,0.7785617495,0.029926536418624666,0.04266625468808598,1637.0,1637.0,42,29,16
M00886,2.1,outcompeted,K18472,K01963,1.0,1.0,1.0,0.7213214336,0.0020037377460247418,0.00778467679462768,5.0,5.0,37,26,16
M00886,2.1,outcompeted,K11263,K01961,1.0,1.0,1.0,0.7785617495,0.029926536418624666,0.04266625468808598,1637.0,1637.0,42,29,16
M00895,1.1,outcompeted,K03148,K21147,1.0,1.0,1.0,0.4047941685,0.03907005625716396,0.3204514208674587,313.0,313.0,12,12,0
M00921,1,outcompeted,K13787,K13789,1.0,1.0,1.0,0.085276389,0.04350095121767113,0.05959691003179472,67.0,67.0,6,5,2
